linkname,linkdescription,category,id,link,user_id,linkusername,contactname,contactphonenumber,contactemail,notes
"Github","my personal github account","git","057e7ffc-63aa-4f4c-8d19-b1f840ffed91","https://github.com/Fabo011","dbe333e9-5fd9-459c-87eb-bc273ff57865","","","","",""
"Campus","mycampus my campus study account","study","6eb9369c-78f0-4502-aca8-9afb8ce5a18a","https://mycampus.iubh.de","dbe333e9-5fd9-459c-87eb-bc273ff57865","","","","",""
"DudenRechtschreibung","duden rechtschreibung","convenient","2f82408f-049a-4c9e-b9fd-1b9d9eb6f00d","https://www.duden.de/rechtschreibpruefung-online","dbe333e9-5fd9-459c-87eb-bc273ff57865","","","","",""
"StremioAddons","stremio addons movies","offtime","cec1b156-62bf-4340-acfc-6f31d943a178","https://stremio-addons.netlify.app/","dbe333e9-5fd9-459c-87eb-bc273ff57865","","","","",""
"Miro","miro drawing board team drawing","bosch","eada77e8-81e3-410a-9399-e83affb877f9","https://miro.com/","dbe333e9-5fd9-459c-87eb-bc273ff57865","","","","",""
"BoschIBM","bosch ibm request permission","bosch","ce447b1c-1e9c-4d2e-97b1-b4a7e8bd9759","https://rb-im.bosch.com/BOAWeb/selfservice","dbe333e9-5fd9-459c-87eb-bc273ff57865","","","","",""
"Feedback","how to give feedback in english","education","01a4284a-a5ba-443f-842d-b68c071b7542","https://www.speakconfidentenglish.com/how-to-give-feedback-advice-in-english/","dbe333e9-5fd9-459c-87eb-bc273ff57865","","","","",""
"Berrybase","berrybase buy raspberrypi raspberry pi","tech","46fb1ddd-b911-419d-ac5f-0cbbe92110ce","https://www.berrybase.de","dbe333e9-5fd9-459c-87eb-bc273ff57865","","","","",""
"TypescriptBestPract","typescript best practices","tech","5c488471-5144-4bd7-b82b-18ee678e21e0","https://medium.com/@sobitdaniel/typescript-best-practices-610e8facb8df","dbe333e9-5fd9-459c-87eb-bc273ff57865","","","","",""
"WhatisSolArch","what is solution architect types of solution architect","education","1b69cdab-e70a-42df-99a2-49e322e05d4f","https://www.youtube.com/watch?v=WI5XaZcEoJI","dbe333e9-5fd9-459c-87eb-bc273ff57865","","","","",""
"UrlEncoder","url encoder","convenient","0401dfdf-20a2-4cf2-9fd1-902e6f69b49a","https://www.urlencoder.org/","dbe333e9-5fd9-459c-87eb-bc273ff57865","","","","",""
"PkPKI","pk pki certificate management perfectly keyless","bosch","a68b732d-ad40-4250-9573-592f3c8c00e9","https://rb-tools.de.bosch.com/Home/Home","dbe333e9-5fd9-459c-87eb-bc273ff57865","","","","",""
"Hellofresh","hellofresh food delivery meals","private","327e6ba9-73e6-41f1-951b-7040b31957cf","https://www.hellofresh.com/","dbe333e9-5fd9-459c-87eb-bc273ff57865","","","","",""
"Veganesia","restaurantes restaurant vegetarian vegan food meals","private","9d9902e6-ec83-4986-ae81-daa6a54c698f","https://vegetasia.at/","dbe333e9-5fd9-459c-87eb-bc273ff57865","","","","",""
"Anxity","anxity grundformen der angst book buch","education","7a530d28-e04c-4939-9e6f-9b309bdf63d3","https://www.amazon.de/Grundformen-Angst-Fritz-Riemann/dp/3497024228","dbe333e9-5fd9-459c-87eb-bc273ff57865","","","","",""
"PKI","open source pki certificate management","tech","06aa34d2-e9c9-4d51-bcd0-a932d3de1c21","https://www.ejbca.org/","dbe333e9-5fd9-459c-87eb-bc273ff57865","","","","",""
"BoschJFrog","bosch pk jfrog artefactory perfectly keyless","bosch","37da627e-2f5e-4a67-8675-97ed3bfdf37c","https://artifactory.boschdevcloud.com/ui/login","dbe333e9-5fd9-459c-87eb-bc273ff57865","","","","",""
"PKCertificate","pk certificate perfectly keyless","bosch","6a076814-0db6-4f48-a28d-245e5340adac","https://inside-docupedia.bosch.com/confluence/display/ECUSWDEV/Certificate+Chain+-+E2E+Overview","dbe333e9-5fd9-459c-87eb-bc273ff57865","","","","",""
"Bikester","bikester mountainbike downhill onlineshop","offtime","e439fa69-f8a3-48bd-b3e4-7a7e95e98e8d","https://www.bikester.at","dbe333e9-5fd9-459c-87eb-bc273ff57865","","","","",""
"Beaches","vacation ideas holidays beach","offtime","f68b722b-b789-4f94-a87f-446fc9ae5112","https://realgreekexperiences.com/best-beaches-in-rhodes","dbe333e9-5fd9-459c-87eb-bc273ff57865","","","","",""
"VuejsExamples","vuejs programming examples","tech","5cc9a47d-2779-4260-827e-b3cf38d327ec","https://vuejsexamples.com/an-application-to-convert-language-codes-using-vuejs-and-chatgpt/","dbe333e9-5fd9-459c-87eb-bc273ff57865","","","","",""
"BulletReloading","bullet reloading wiederladen weapon","offtime","1f76eef3-5aab-4c9d-9109-22aebf546203","https://www.mark7reloading.com","dbe333e9-5fd9-459c-87eb-bc273ff57865","","","","",""
"SmaerAccessProDev","smartaccesspro battery raspberry pi","smartaccesspro","dd5527cd-92d0-46c1-bc05-26707a6ab477","https://www.youtube.com/watch?v=p86AbqgRaIo,BatteryRaspiWave","dbe333e9-5fd9-459c-87eb-bc273ff57865","","","","",""
"Mitarbeiterangebote","bosch mitarbeiterangebote employee benefits","bosch","f45b5d08-f26d-4fed-be19-e97599825cb6","https://bosch.mitarbeiterangebote.at/login","dbe333e9-5fd9-459c-87eb-bc273ff57865","","","","",""
"SpringBootStart","java spring boot starter create java project","tech","4e6a6c4a-55c0-4012-b0b6-e3d9047de72c","https://start.spring.io/","dbe333e9-5fd9-459c-87eb-bc273ff57865","","","","",""
"Akash","decentralized cloud aws azure alternatives","tech","619bfcb6-2674-43ff-b519-086fa549081b","https://akash.network/","dbe333e9-5fd9-459c-87eb-bc273ff57865","","","","",""
"ISAQBWallet","isaqb architecture certificate","education","44e8cb89-3f59-4edb-9f73-d8d58f201bb9","https://app.skillsclub.com/login","dbe333e9-5fd9-459c-87eb-bc273ff57865","","","","",""
"ParrotOS","parrot os cyber security hacking","tech","d5621022-ad50-4928-b8e5-da98cc60a5be","https://www.parrotsec.org/","dbe333e9-5fd9-459c-87eb-bc273ff57865","","","","",""
"Waffenrecht","","offtime","d3a433d7-de25-423a-aa25-a2916e21509d","https://www.oesterreich.gv.at/themen/gesetze_und_recht/waffenrecht.html","dbe333e9-5fd9-459c-87eb-bc273ff57865","","","","",""
"Codeium","github copilot alternative for vscode","tech","d42ee03c-2ade-4779-8ba3-46126444aba0","https://codeium.com/","dbe333e9-5fd9-459c-87eb-bc273ff57865","","","","",""
"Plisio","crypto wallet payments crypto donations","convenient","8acddbc3-00de-49ec-989e-44a841f70d8f","https://plisio.net/","dbe333e9-5fd9-459c-87eb-bc273ff57865","","","","",""
"KubernetesTraining","kubernetes certificate training","education","10511bcc-cc82-4d25-9beb-983c3d39c210","https://kubernetes.io/training/","dbe333e9-5fd9-459c-87eb-bc273ff57865","","","","","In case that I wanna get a cloud expert, the I need this certificate"
"Isaqb","isaqb architecture certificate main page","education","d88f7a07-6a8d-4414-a3fe-7b87d09b8581","https://www.isaqb.org/","dbe333e9-5fd9-459c-87eb-bc273ff57865","","","","","In case that I wanna get a cloud expert, the I need this certificate"
"Stability","ai image generator open source","convenient","83661206-9ed2-4071-8284-5512a66ba4c2","https://stability.ai/news/stable-diffusion-3","dbe333e9-5fd9-459c-87eb-bc273ff57865","","","","","In case that I wanna get a cloud expert, the I need this certificate"
"BoschTechTalk","bosch tech talk backlog","bosch","eec61741-fdd6-4006-871c-13d46b047321","https://github.com/orgs/bosch-engineering/projects/52/views/4","dbe333e9-5fd9-459c-87eb-bc273ff57865","","","","","In case that I wanna get a cloud expert, the I need this certificate"
"PkKeycloak","pk keycloak perfectly keyless","bosch","423004bf-690a-46b5-aeec-e5b5a8287446","https://beg-pkl-e2e.poc.eu.bosch-mobility-cloud.com/iam/realms/master/protocol/openid-connect/auth?client_id=security-admin-console&redirect_uri=https%3A%2F%2Fbeg-pkl-e2e.poc.eu.bosch-mobility-cloud.com%2Fiam%2Fadmin%2Fmaster%2Fconsole%2F%23%2F&state=3b8b19a5-9ef9-495b-80d2-cacfdd77cd4c&response_mode=fragment&response_type=code&scope=openid&nonce=15d6162a-8904-4eda-9b94-e8168a25e657&code_challenge=k_wZYV-Iu_VMocCJcTW0Aiv45cZZ4hbLTioFrgmOFRU&code_challenge_method=S256","dbe333e9-5fd9-459c-87eb-bc273ff57865","","","","","In case that I wanna get a cloud expert, the I need this certificate"
"Helm","kubernetes package manager helm","tech","2c93b5e0-6440-4351-ab2c-4a473afc5579","https://helm.sh/docs/intro/using_helm/","dbe333e9-5fd9-459c-87eb-bc273ff57865","","","","","Request access rights for PK Kubernetes Cluster"
"ShootingParkLeobers","shooting park range leobersdorf","offtime","6f27bd11-cf6c-42e8-90b0-e3b1a4ab8bcb","https://www.shootingpark.at/","dbe333e9-5fd9-459c-87eb-bc273ff57865","","","","","Check ammunition prices"
"Libgen","book books get books bookstore","books","6a99d158-88ed-48bc-925a-7df4b51ece59","https://libgen.li/index.php","dbe333e9-5fd9-459c-87eb-bc273ff57865","","","","","Get free books"
"BoschEDX","bosch edx contacts","bosch","5f600dbc-4ed0-46d5-9db6-9240c7435b1d","https://inside.bosch.com/irj/portal/?NavigationTarget=HLPFS%3A%2F%2Fwcms_c_Bosch_20GlobalNet%2Fwcms_c_02_20Organization%2Fwcms_c_06_20Subsidiaries_20TOGE%2Fwcms_c_beg%2Fwcms_c_beg_organization%2Fwcms_c_beg_ne%2Fwcms_c_beg_ne_sx%2Fwcms_c_beg_ne_sx_organization%2Fwcms_c_beg_pj_iot_%2Fwcms_c_beg_pj_iot_ed_organization_1%2Fwcms_c_beg_eds_cl%2Fwcms_c_beg_eds_cl_organization","dbe333e9-5fd9-459c-87eb-bc273ff57865","","","","","Request access rights for PK Kubernetes Cluster"
"AdvancedAnalyticsCon","bosch advanced analytics connector tool catalog","bosch","dacc8ae5-3ea9-42d2-9e21-24c07ac82667","https://rb-tools.de.bosch.com/Tools/Overview/Item/19207?version=26519","dbe333e9-5fd9-459c-87eb-bc273ff57865","","","","","Request access rights for PK Kubernetes Cluster"
"BikeparkSemmering","bikepark semmering downhill mountainbike","offtime","86adc1cc-7a1d-43f5-997b-12eddfc88766","https://www.bikeparks.at/bikeparks/bikeparks-niederoesterreich/bikepark-zauberberg-semmering.html","dbe333e9-5fd9-459c-87eb-bc273ff57865","","","","","Request access rights for PK Kubernetes Cluster"
"Onlineprinters","onlineprinters print visitenkarten","convenient","a06a5ffa-0161-4744-95ae-8bb42b29a925","https://www.onlineprinters.de/","dbe333e9-5fd9-459c-87eb-bc273ff57865","","","","","Request access rights for PK Kubernetes Cluster"
"Technews1","tech newspaper","newspaper","1c484454-2ffe-41c0-98f9-8e017eb238a0","https://techcrunch.com/?guce_referrer=aHR0cHM6Ly9kdWNrZHVja2dvLmNvbS8&guce_referrer_sig=AQAAAJPxs9s0Mvi9htY3WzFOjYW_DgdwEcjTaTPM7ZxcV8srFEkarz62tU9mv5DDrBcF2lJLEaLU6FfVBpzY6BUxY6H4rMlYaZo9RiYO-L_9LFd5hjzjFdL9Dxv8yTGR-4NFHDohaTza-STi1xDx3Bwq2_rW4bj1en0tpopLTjJFTraL&guccounter=2","dbe333e9-5fd9-459c-87eb-bc273ff57865","","","","","Request access rights for PK Kubernetes Cluster"
"AzurePriceCalculator","azure price calculator","tech","717c49f2-4804-4eea-9491-346181dfe44e","https://azure.microsoft.com/en-gb/pricing/calculator/","dbe333e9-5fd9-459c-87eb-bc273ff57865","","","","","Request access rights for PK Kubernetes Cluster"
"AzureAppRegister","azure app register","bosch","cd4c4b17-9098-45d1-8225-76b0faa45718","https://inside-docupedia.bosch.com/confluence/pages/viewpage.action?pageId=2387425668","dbe333e9-5fd9-459c-87eb-bc273ff57865","","","","","Dont forget when register a azure app service at bosch"
"Arms24","","offtime","36795359-b23d-42e2-8f36-687fa280633f","https://www.arms24.com/","dbe333e9-5fd9-459c-87eb-bc273ff57865","","","","","Check ammunition prices"
"LongRangeSlovakia","","offtime","352e8356-31a1-4a53-8bfa-1cf7a63ab11a","https://precisionrifleteamrda.sk/tr%C3%A9ningy","dbe333e9-5fd9-459c-87eb-bc273ff57865","","","","","Check ammunition prices"
"Freelancer","book freelancer programmer","convenient","71ae0b6e-1468-400d-872f-5d7415e65819","https://www.freelancer.com/","dbe333e9-5fd9-459c-87eb-bc273ff57865","","","","","Check ammunition prices"
"Tubi","free streaming tubi tv movies","offtime","512179f7-f2b3-43ab-8d06-f6c74c0d04af","https://gdpr.tubi.tv/","dbe333e9-5fd9-459c-87eb-bc273ff57865","","","","","Access via USA VPN"
"FMA","free music libryary","private","c4a2d2b1-9cb4-4cbc-bd95-0eb5e026c5ad","https://freemusicarchive.org/","dbe333e9-5fd9-459c-87eb-bc273ff57865","","","","","free mp3 music"
"Lokinet","annonymous internet alternative decentarlized cyber security","tech","7c624e6a-ae65-40a9-884c-ae5543dc9597","https://lokinet.org/","dbe333e9-5fd9-459c-87eb-bc273ff57865","","","","","*"
"DatabricksAA","bosch databricks lakehouse","bosch","770664a6-32b5-4741-98f6-9b0868f0f448","https://adb-5679149141934812.12.azuredatabricks.net/?o=5679149141934812","dbe333e9-5fd9-459c-87eb-bc273ff57865","","","","","Lakehouse - https://beg-cog-elastic-stack.es.westeurope.azure.elastic-cloud.com/"
"Citrix","citrix bosch","bosch","4e90adf7-f0d8-460b-a75e-6dc56c109b7d","https://vwp-emea.bosch.com/Citrix/VwpSSOStoreWeb/","dbe333e9-5fd9-459c-87eb-bc273ff57865","","","","","*"
"AutomotiveNews","automotive newspaper news","newspaper","b747b0f0-8fb4-4cdc-abab-818a7fe33fca","https://www.automotiveworld.com/","dbe333e9-5fd9-459c-87eb-bc273ff57865","","","","","Check ammunition prices"
"Amazon","amazon shopping","shopping","98e72d9f-c99d-41d6-b40b-ca77f843d299","https://www.amazon.de/","dbe333e9-5fd9-459c-87eb-bc273ff57865","","","","","Check ammunition prices"
"JupyterNotebook","python jupyter notebook programming","tech","e2c978e6-7c64-4907-9f31-218286892971","https://jupyter.com","dbe333e9-5fd9-459c-87eb-bc273ff57865","","","","","Check ammunition prices"
"Reclaim","ai calendar for work productivity","convenient","847f1c3f-8948-40d7-9e31-7d61abd89f3c","https://reclaim.ai/","dbe333e9-5fd9-459c-87eb-bc273ff57865","","","","","Check ammunition prices"
"Olight","olights light laser modules weapon gun","offtime","711310c2-fd9d-45db-a8c9-8504d2a883bb","https://www.olightstore.at/","dbe333e9-5fd9-459c-87eb-bc273ff57865","","","","","Check ammunition prices"
"GoogleSchoolar","google schoolar scientific paper search engine study","convenient","afb1b220-8da9-4481-a03c-9acd86c0fd85","https://scholar.google.at/schhp?hl=de","dbe333e9-5fd9-459c-87eb-bc273ff57865","","","","","Check ammunition prices"
"Canyon","downhill dream bike mountainbike fully","offtime","b32afdcf-4c4d-4768-a57a-c1c26cbd33f6","https://www.canyon.com/de-de/","dbe333e9-5fd9-459c-87eb-bc273ff57865","","","","","Check ammunition prices"
"HuggingSpaceAi","hugging spaces ai","tech","e7b16b3e-d7ea-4a8d-9c43-921090c84089","https://huggingface.co/spaces","dbe333e9-5fd9-459c-87eb-bc273ff57865","","","","","Check ammunition prices"
"RentBoat","","offtime","734cb6f9-2534-4499-ae85-9d16315c4921","https://woertherseeboote.at/","dbe333e9-5fd9-459c-87eb-bc273ff57865","","","","","Check ammunition prices"
"APIDocs","api documentation template","convenient","2f7e67f9-f80d-4638-ba17-499579b421ef","https://github.com/floriannicolas/API-Documentation-HTML-Template","dbe333e9-5fd9-459c-87eb-bc273ff57865","","","","","Check ammunition prices"
"PetsDeli","pets deli cat food katzen","cats","f096850d-dd03-4fab-8e70-b90ae1ee0bf8","https://www.petsdeli.de/pages/katzen","dbe333e9-5fd9-459c-87eb-bc273ff57865","","","","","Check ammunition prices"
"OnlineSQL","online sql compiler to exercise","tech","7fc76d72-8b18-4b23-b681-9f707754b210","https://www.programiz.com/sql/online-compiler/","dbe333e9-5fd9-459c-87eb-bc273ff57865","","","","","Check ammunition prices"
"BioRestaurant","bio restaurant food meals","offtime","162347a8-62f3-4013-bbb6-dd2579f2c1cf","https://kolarik.at/","dbe333e9-5fd9-459c-87eb-bc273ff57865","","","","","Home defense"
"Upwork","order freelancer programming","convenient","5fe8be26-d9ff-4837-879d-c10e2891b3db","https://www.upwork.com/","dbe333e9-5fd9-459c-87eb-bc273ff57865","","","","","Not recommended they just want to have cheap developers"
"NotarWien","notar wien goverment","private","6acec2ef-5889-4ae1-821a-3244c40602be","https://www.notar1020.at/","dbe333e9-5fd9-459c-87eb-bc273ff57865","","","","","Notar"
"PkBitbucket","pk bitbucket pk documentation git","bosch","b92dc45f-ac86-43a7-bd23-0ab19e17bf98","https://sourcecode.socialcoding.bosch.com/projects/TDWI/repos/pk_mvp_docu/browse","dbe333e9-5fd9-459c-87eb-bc273ff57865","","","","","*"
"BoschItServicePortal","it service portal bosch","bosch","8a49d215-d77b-412c-a266-b5bef4c97f73","https://service-management.bosch.tech/sp","dbe333e9-5fd9-459c-87eb-bc273ff57865","","","","","*"
"DataDiggerDevOps","datadigger azure devops git","bosch","64bee015-8a93-44d3-91d0-710be529ce99","https://dev.azure.com/DDS-BEGOS/Data%20Digger","dbe333e9-5fd9-459c-87eb-bc273ff57865","","","","","*"
"Galaxus","online shopping galaxus like amazon","shopping","b11ed323-c14d-41a9-8b80-756c74d9f38c","https://www.galaxus.at/","dbe333e9-5fd9-459c-87eb-bc273ff57865","","","","","*"
"WexlTrails","wexl bikepark downhill mountainbike trails","offtime","3cb29648-3b7f-447f-b0e9-40d93e0c67ed","https://www.wexltrails.at/","dbe333e9-5fd9-459c-87eb-bc273ff57865","","","","","Check ammunition prices"
"Oceanpark","oceanpark wien millenuim city bowling","offtime","505d59cf-82cd-4158-a269-51d70a29b0ed","https://www.oceanparkwien.at/","dbe333e9-5fd9-459c-87eb-bc273ff57865","","","","","Check ammunition prices"
"TechMetals","tech metals invest","invest","9772e5ac-799a-4ea3-b919-5f626d94b28a","https://tradium.com/en/buy-technology-metals/indium-for-sale/","dbe333e9-5fd9-459c-87eb-bc273ff57865","","","","","Check ammunition prices"
"Credly","aws solution architect certificate platform","education","f31a4fef-faed-45fd-8c83-d5f3e2a902d0","https://www.credly.com/users/fabian-waismayer/badges","dbe333e9-5fd9-459c-87eb-bc273ff57865","","","","","Check ammunition prices"
"CloudNews","cloud newspaper tech news","newspaper","77b4b1ab-a0f4-490a-9587-10fb3eeff374","https://www.technologyreview.com/topic/computing/","dbe333e9-5fd9-459c-87eb-bc273ff57865","","","","","Check ammunition prices"
"Keyboardtrick","keyboard trick linux apple magic keyboard and linux","convenient","738ffd49-3b35-46ab-9bc7-093943ccae32","https://superuser.com/questions/1291939/shortcut-to-change-keyboard-layout-in-linux-mint-cinnamon#1315983","dbe333e9-5fd9-459c-87eb-bc273ff57865","","","","","Check ammunition prices"
"Cracklock","crack door lock smartaccesspro","education","72719229-08ff-4a51-aad6-e4b832003431","https://www.youtube.com/watch?v=T_sy3dLwHkc","dbe333e9-5fd9-459c-87eb-bc273ff57865","","","","","Check ammunition prices"
"Zoneminder","home camera surveilance system open source home protection","tech","2364f427-fb02-46f6-94b6-2b45d9e1cce6","https://zoneminder.com/","dbe333e9-5fd9-459c-87eb-bc273ff57865","","","","","Home defense"
"KubernetesPackages","kubernetes packages like npm for node","tech","e48b30c1-fde3-4249-ba89-b36dcfab3ef4","https://artifacthub.io/","dbe333e9-5fd9-459c-87eb-bc273ff57865","","","","","Home defense"
"Newman","extention for postman newman","tech","ef726975-1722-4098-a2ad-900210e5de1e","https://learning.postman.com/docs/collections/using-newman-cli/command-line-integration-with-newman/","dbe333e9-5fd9-459c-87eb-bc273ff57865","","","","","Home defense"
"Trading212","trading212 invest broker","invest","88b250ed-8a28-4655-aa6b-ded82f082d5f","https://www.trading212.com/","dbe333e9-5fd9-459c-87eb-bc273ff57865","","","","","Home defense"
"DbDiagrams","create database diagram entity relationship model","tech","ba69ca65-8f26-45a9-8581-2ab0118ad01b","https://dbdiagram.io/","dbe333e9-5fd9-459c-87eb-bc273ff57865","","","","","Home defense"
"BoschLearning","bosch learning tool","bosch","ac9abea4-5750-4396-8ada-62c929cd2d69","https://search.bosch.com/sites/Learningportal/Pages/204_eUniversities/eUniversities.aspx?backTitle=HomePage&backUrl=https://search.bosch.com/sites/Learningportal/Pages/HomePage.aspx?InitiativeList=InitiativeList&InitiativeListUrl=InitiativeListUrl","dbe333e9-5fd9-459c-87eb-bc273ff57865","","","","","*"
"BoschUdemy","bosch udemy learning platform","education","68b1828b-8047-4115-a131-2d180b00f4d3","https://bosch.udemy.com/organization/home/","dbe333e9-5fd9-459c-87eb-bc273ff57865","","","","","*"
"ReloadBullets","reload bullets wiederladen weapon gun","offtime","7ae62b95-f313-4ed0-9a47-58918cf69661","https://youtu.be/W-YcZzcqdZw?feature=shared,ReloadOfBullets","dbe333e9-5fd9-459c-87eb-bc273ff57865","","","","","Home defense"
"MvpCss","mvp css minimal css andy brewer","tech","cda32eb8-40b9-4d84-ac05-d9a900169d4b","https://andybrewer.github.io/mvp/","dbe333e9-5fd9-459c-87eb-bc273ff57865","","","","","Home defense"
"Glitch","cloud hosting glitch hoster","tech","115e7745-e4e9-45cd-8d9e-e7b99bae5808","https://glitch.com/","dbe333e9-5fd9-459c-87eb-bc273ff57865","","","","","Home defense"
"GitBoschEngineering","bosch engineering github","bosch","f73ccd8b-43bf-4907-9d9a-0581c2d61637","https://github.com/bosch-engineering","dbe333e9-5fd9-459c-87eb-bc273ff57865","","","","","Home defense"
"Unsplash","images photos Fotos unsplash","convenient","510e47a3-4f3d-4f04-8b96-a56f324868d6","https://unsplash.com/","dbe333e9-5fd9-459c-87eb-bc273ff57865","","","","","Home defense"
"PahoPy","test mqtt connection with python","tech","633de97a-5ec3-45b2-b0e1-7fd80f5704da","https://pypi.org/project/paho-mqtt/","dbe333e9-5fd9-459c-87eb-bc273ff57865","","","","","Home defense"
"Plex","plex streaming like netflix","offtime","9f8b78f7-3652-4be0-90fc-600d95bb9453","https://www.plex.tv","dbe333e9-5fd9-459c-87eb-bc273ff57865","","","","","Home defense"
"Zano","restaurant food meals","private","7584895b-2fe5-4d4b-8b6f-59f7a7c5ceb8","https://zano-restaurant.at/","dbe333e9-5fd9-459c-87eb-bc273ff57865","","","","","Home defense"
"Mega","mega cloud storage","private","269419aa-d1f0-4dfc-a647-9d4945cade60","https://mega.io/","dbe333e9-5fd9-459c-87eb-bc273ff57865","","","","","Home defense"
"BoschAzureSandbox","azure bosch sandbox","bosch","34f02317-cd46-4a10-af51-31c30639c90b","https://portal.azure.com/#@bosch.onmicrosoft.com/resource/subscriptions/d92b55ed-4f80-4a97-8e7b-4b5fd54d8906/overview","dbe333e9-5fd9-459c-87eb-bc273ff57865","","","","","Home defense"
"Fintech","fintech forbes","newspaper","b4406bb4-2799-47ac-960c-d713ad1c50fb","https://www.forbes.com/advisor/banking/what-is-fintech/","dbe333e9-5fd9-459c-87eb-bc273ff57865","","","","","Home defense"
"Filecoin","cloud storage files","private","c28fd648-de52-4d56-bd10-ce25cccc03af","https://filecoin.io/","dbe333e9-5fd9-459c-87eb-bc273ff57865","","","","","Home defense"
"Fiverr","fiverr order freelancer programmer","convenient","7b9f61d0-f679-403d-aa1f-ae37183ef19b","https://www.fiverr.com/","dbe333e9-5fd9-459c-87eb-bc273ff57865","","","","","Home defense"
"AWSBoschPartner","aws bosch partner central","bosch","de487dd5-3032-445d-8c92-f4f96ef0c6a5","https://partnercentral.awspartner.com/partnercentral2/s/login?ec=302&startURL=%2Fpartnercentral2%2Fs%2F","dbe333e9-5fd9-459c-87eb-bc273ff57865","","","","","Home defense"
"BoschLeanX","bosch leanx application portfolio","bosch","08be3844-9ddc-4223-aa80-9dc2494b0398","https://connect.bosch.com/blogs/8d6b11d1-de37-42a6-83bb-b258a17a5ace/entry/What_is_an_Application?lang=de_de","dbe333e9-5fd9-459c-87eb-bc273ff57865","","","","","Home defense"
"XState","nodejs statemachine xstate","tech","8d1c215a-b809-4c9f-ac40-736fe98673e7","https://xstate.js.org/docs/visualizer/","dbe333e9-5fd9-459c-87eb-bc273ff57865","","","","","Home defense"
"Mainhoster","mainhoster hoster cloud","tech","c10b5607-de27-4fc5-a56f-e3aa0075096d","https://login.mainhoster.de/","dbe333e9-5fd9-459c-87eb-bc273ff57865","","","","","*"
"Soundcloud","music soundcloud","private","d7c29b82-0ef0-414b-a8d9-a8068e6e8b76","https://soundcloud.com/","dbe333e9-5fd9-459c-87eb-bc273ff57865","","","","","music"
"MacBosch","mac at bosch bcn managed","bosch","e629f0ab-fae3-4829-bb67-f884426953fd","ttps://inside-docupedia.bosch.com/confluence/display/MAC/Configure+Bosch+Proxy","dbe333e9-5fd9-459c-87eb-bc273ff57865","","","","","*"
"Clockify","clockify time management","convenient","6f139128-6169-4bce-8bfe-bc1c3849d7d6","https://clockify.me/","dbe333e9-5fd9-459c-87eb-bc273ff57865","","","","","Home defense"
"BEGTechRadar","beg bosch tech radar","bosch","4a2787ad-c973-4c01-98f6-6c5b6945e8a2","https://tech-radar.beg-dev.io/","dbe333e9-5fd9-459c-87eb-bc273ff57865","","","","","Home defense"
"PkERM","pk entity relationship model database postgres","bosch","4590725e-7c21-49a9-b93b-579fc10ad093","https://dbdiagram.io/d/BCA-64f5eb9402bd1c4a5eef5157","dbe333e9-5fd9-459c-87eb-bc273ff57865","","","","","Home defense"
"BoschTube","bosch tube","bosch","89f9889d-4989-4174-9485-7b107ec6e27a","https://bosch.mediaspace.de.kaltura.com/home","dbe333e9-5fd9-459c-87eb-bc273ff57865","","","","","Home defense"
"Codeberg","my codeberg account git","git","0e5b6d06-b52b-4a85-981a-d0fce1bc79f2","https://codeberg.org/","dbe333e9-5fd9-459c-87eb-bc273ff57865","","","","","Home defense"
"Zooplus","zooplus cat food","cats","a8bb94f1-583c-4a4e-8765-db15d41988d2","https://www.zooplus.at","dbe333e9-5fd9-459c-87eb-bc273ff57865","","","","","Home defense"
"Geizhals","geizhals preisvergleich","convenient","79a834ee-3347-4ff8-8d6f-b4b80d6136f1","https://geizhals.at/","dbe333e9-5fd9-459c-87eb-bc273ff57865","","","","","Home defense"
"Messerworld","knifes messer messerwolrd","private","9787a554-6fb1-42aa-b029-fc6201c3a90e","https://www.messerworld.de","dbe333e9-5fd9-459c-87eb-bc273ff57865","","","","","Home defense"
"BioLinks","open source link collection","convenient","2fd56966-980f-491b-bba8-fb139316f351","https://bio.link/","dbe333e9-5fd9-459c-87eb-bc273ff57865","","","","","Home defense"
"BarbershopHuma","huma eleven barber shop","private","609632b5-fe09-4b36-b78f-d9b747fe1fb8","https://www.bohac.at/standorte/bohac-huma-eleven","dbe333e9-5fd9-459c-87eb-bc273ff57865","","","+43 1 264 74 72","","Barber: Andi"
"Netzpolitik","newspaper netzpolitik","newspaper","26819bee-675f-41f6-aa4a-7c03dca0220a","https://netzpolitik.org/","dbe333e9-5fd9-459c-87eb-bc273ff57865","","","+43 1 264 74 72","","Barber: Andi"
"ApiNinjas","api ninjas api portfolio","tech","8412c8b4-a916-4688-be27-71b6c2b89450","https://api-ninjas.com/api","dbe333e9-5fd9-459c-87eb-bc273ff57865","","","+43 1 264 74 72","","Barber: Andi"
"GatheringPhoneNumber","phone number gathering tool kali linux hacking","tech","0aab5e17-9093-4c7f-a148-9d506f584062","https://www.geeksforgeeks.org/scylla-phone-number-user-information-gathering-tool-in-kali-linux/","dbe333e9-5fd9-459c-87eb-bc273ff57865","","","+43 1 264 74 72","","Barber: Andi"
"Blackblaze","cloud storage encrypted","tech","e5cfee17-6768-4927-b0f4-4512b012e6e3","https://www.backblaze.com/","dbe333e9-5fd9-459c-87eb-bc273ff57865","","","+43 1 264 74 72","","Barber: Andi"
"BoschLearningHome","bosch learningportal","bosch","6a82d80e-9224-45c4-a9f0-c8e17289b0eb","https://bosch.plateau.com/learning/user/deeplink.do?OWASP_CSRFTOKEN=BZ82-NKYL-73EM-FH21-TGXT-VGIX-21M0-355H&linkId=HOME_PAGE&fromSF=Y","dbe333e9-5fd9-459c-87eb-bc273ff57865","","","+43 1 264 74 72","","Barber: Andi"
"TWSWaffensysteme","tws waffensysten gun store weapon","offtime","4f9b38e7-7c77-47a6-8eb7-16e17bdb6acf","https://tws-waffen.at/","dbe333e9-5fd9-459c-87eb-bc273ff57865","","","0","","Idiot"
"Kopp","tablets for health","private","feea3669-ec6f-4d41-9055-fdcc3d97e8ea","https://www.kopp-verlag.at/","dbe333e9-5fd9-459c-87eb-bc273ff57865","","","","","Tablets for health, magnesium"
"Pinephone","pinephone open source linux phone","private","a394f2c9-5513-47b0-92de-62fa9b032363","https://pine64.org/pinephone/","dbe333e9-5fd9-459c-87eb-bc273ff57865","","","no number","","linux phone"
"PrivacyTools","privacy tools cyber security","tech","99125246-1525-479f-afdf-4a2b82ed733e","https://www.privacytools.io/","dbe333e9-5fd9-459c-87eb-bc273ff57865","","","0","","Privacy tools"
"Paypal","paypal online banking","private","140f0610-3c99-4930-8d1d-2af0bfa473e0","https://www.paypal.com/","dbe333e9-5fd9-459c-87eb-bc273ff57865","","","0","","0"
"ShowerCabine","shower cabine dusch kabine","private","52e35c3c-a3f7-4925-90db-5c4a3fe0b344","https://www.mediamarkt.at/de/product/_sanotechnik-cs150-dampfduschkabine-nevada-150-1889405.html","dbe333e9-5fd9-459c-87eb-bc273ff57865","","","+43 1 264 74 72","","Barber: Andi"
"BoschServiceRequest","bosch service request jetbrains","bosch","58ae921d-ccb3-49ae-9c17-41e6b88e7aae","https://vssapp.bosch.tech/","dbe333e9-5fd9-459c-87eb-bc273ff57865","","","+43 1 264 74 72","","Barber: Andi"
"Librem","librem linux security privacy laptop","private","112f1568-f3eb-492e-a8a0-c6db489f352a","https://shop.puri.sm/shop/librem-14/","dbe333e9-5fd9-459c-87eb-bc273ff57865","","","+43 1 264 74 72","","Barber: Andi"
"SchladmingDownhill","schladming downhill mountainbike trails bike","offtime","ed144dfa-7b43-4cd3-9ce2-3d27efc3e7ee","https://www.planai.at/en/summer/mountain-bike","dbe333e9-5fd9-459c-87eb-bc273ff57865","","","+43 1 264 74 72","","Barber: Andi"
"BoschGithubCoPilot","bosch github copilot","bosch","e5cb9f93-8f3e-4e97-9476-973e0b87da7e","https://docs.boschdevcloud.com/userguide/index.html?id=GHCopilot_getstarted","dbe333e9-5fd9-459c-87eb-bc273ff57865","","","+43 1 264 74 72","","Barber: Andi"
"VsCodeMacShorts","shortcuts vscode macbook","convenient","24905492-b48d-45b8-b5e8-84ec25b9a3f0","https://code.visualstudio.com/shortcuts/keyboard-shortcuts-macos.pdf","dbe333e9-5fd9-459c-87eb-bc273ff57865","","","+43 1 264 74 72","","Barber: Andi"
"PkGithub","pk github perfectly keyless","bosch","62d4c39e-27d4-45bb-b1d4-bcf1a3d435c0","https://github.boschdevcloud.com/PKL","dbe333e9-5fd9-459c-87eb-bc273ff57865","","","+43 1 264 74 72","","Barber: Andi"
"Beagleboard","computer for robotics like raspberry","tech","674a7a96-302c-4667-a4c8-a6cbea0a1808","https://www.beagleboard.org/boards/beaglebone-blue","dbe333e9-5fd9-459c-87eb-bc273ff57865","","","+43 1 264 74 72","","Barber: Andi"
"DataDiggerAzure","bosch azure datadigger portal","bosch","8bbf0b52-500c-4e28-b614-397dec43bae3","https://portal.azure.com/#@bosch.onmicrosoft.com/dashboard/arm/subscriptions/5b2c37f6-8321-4655-8848-e4cd8f0ee2a4/resourcegroups/beg-cog-data-ice-metadata/providers/microsoft.portal/dashboards/6a124772-f777-4a71-b6d3-478b05d2a5aa-dashboard","dbe333e9-5fd9-459c-87eb-bc273ff57865","","","+43 1 264 74 72","","Barber: Andi"
"PkSwagger","pk swagger perfectly keyless","bosch","8d5c7522-2374-423b-a0c6-ff143706883a","https://test.beg-pkl-e2e.poc.eu.bosch-mobility-cloud.com/vos/swagger-ui/index.html#/","dbe333e9-5fd9-459c-87eb-bc273ff57865","","","+43 1 264 74 72","","Barber: Andi"
"Zentech","zentech personal ai open source","tech","2e35c0a1-e663-4fc4-9a5a-3c52e9836571","https://www.zenfetch.com/?utm_source=product_hunt&ref=producthunt","dbe333e9-5fd9-459c-87eb-bc273ff57865","","","+43 1 264 74 72","","Barber: Andi"
"Waffenland","gun store weapon shooting","offtime","07c3988e-609c-4c00-b703-257d618fbf42","https://www.waffenland.at/","dbe333e9-5fd9-459c-87eb-bc273ff57865","","","+43 1 264 74 72","","Barber: Andi"
"BoschExportControl","bosch export control code of conduct compliance","bosch","bc42d715-3736-470c-ae4e-d6da0c7f0b48","https://rb-wam.bosch.com/socos-c/SOCOS/documents/ctx02/cd/10070/CD-03402-000_VAW_N_DE_2021-06-09.pdf","dbe333e9-5fd9-459c-87eb-bc273ff57865","","","+43 1 264 74 72","","Barber: Andi"
"WBKAntrag","","offtime","c8155b59-a1ed-4bd8-81f5-4d1877b06f25","https://www.oesterreich.gv.at/themen/gesetze_und_recht/waffenrecht/2/Seite.2450800.html#ZustaendigeStellen","dbe333e9-5fd9-459c-87eb-bc273ff57865","","","+43 1 264 74 72","","Barber: Andi"
"ToolCatalogBosch","tool catalog bosch","bosch","edbbbb25-eddb-49dc-b2a6-1ba2cc9a9b80","https://rb-tools.de.bosch.com/Home/Home","dbe333e9-5fd9-459c-87eb-bc273ff57865","","","+43 1 264 74 72","","Barber: Andi"
"CloudAmqp","pk cloud amqp mqtt rabbitmq","bosch","f98b1562-d70f-4536-8480-f84dc04a176c","https://customer.cloudamqp.com/login","dbe333e9-5fd9-459c-87eb-bc273ff57865","","","+43 1 264 74 72","","Barber: Andi"
"Coolify","selfhosted heroku cloud hosting","tech","5d2a2c66-1a86-4864-b0f8-1a70db8e3db6","https://coolify.io/","dbe333e9-5fd9-459c-87eb-bc273ff57865","","","*","","*"
"PKLDocu","pk pkl mvp documentation docu","bosch","9bf31d5a-c5e3-4152-8887-db579ba7fbd8","http://wi0ciapp02.emea.bosch.com/","dbe333e9-5fd9-459c-87eb-bc273ff57865","PK_MVP_DOCU","","+43 1 264 74 72","","Barber: Andi"
"Babbel","babbel learn languages","education","8abebbff-c5b9-4166-9624-12ed3aa365d9","https://www.babbel.com/","dbe333e9-5fd9-459c-87eb-bc273ff57865","PK_MVP_DOCU","","+43 1 264 74 72","","Barber: Andi"
"LibraryOfMedicine","library of medicine scientific paper","education","aa66d8f4-ae20-4336-9599-bb66770c3e4b","https://pubmed.ncbi.nlm.nih.gov/28055331/","dbe333e9-5fd9-459c-87eb-bc273ff57865","PK_MVP_DOCU","","+43 1 264 74 72","","Barber: Andi"
"BoschWorkspace","bosch workspace apps bosch applications portal aws","bosch","5738ee5b-bb7b-434b-8d73-d3b66f61378c","https://myapplications.microsoft.com/","dbe333e9-5fd9-459c-87eb-bc273ff57865","","","","","Bosch"
"Pagecrypt","pagecrypt online html encryption","convenient","4c502a2a-9a8a-4c9d-a360-c9561f106add","https://www.maxlaumeister.com/pagecrypt/","dbe333e9-5fd9-459c-87eb-bc273ff57865","PK_MVP_DOCU","","+43 1 264 74 72","","Barber: Andi"
"Waffengesetz","","private","fa3f9e08-0c7f-4846-9cc8-961539a5bd75","https://www.ris.bka.gv.at/geltendefassung/bundesnormen/10006016/waffg,%20fassung%20vom%2022.05.2021.pdf","dbe333e9-5fd9-459c-87eb-bc273ff57865","PK_MVP_DOCU","","+43 1 264 74 72","","Barber: Andi"
"APiProvider","api marketplace","tech","c803b698-5d10-459e-b653-88eca0587ccb","https://geekflare.com/sell-apis/","dbe333e9-5fd9-459c-87eb-bc273ff57865","PK_MVP_DOCU","","+43 1 264 74 72","","Barber: Andi"
"Bittorrent","file storage cloud","private","c5311329-1042-4c53-bda3-5e0651a0fbe6","https://www.bittorrent.com/token/bittorrent-file-system/","dbe333e9-5fd9-459c-87eb-bc273ff57865","PK_MVP_DOCU","","+43 1 264 74 72","","Barber: Andi"
"StatemachineDiagram","statemachine diagram uml","tech","bf3f45f2-ab4c-4d27-9ab3-3db2aabd37d2","https://plantuml.com/state-diagram","dbe333e9-5fd9-459c-87eb-bc273ff57865","PK_MVP_DOCU","","+43 1 264 74 72","","Barber: Andi"
"ISAQB-Wien","isaqb architect certificate fh wien","education","f4aae5a3-9615-4975-84c2-9a2c0d58cd5d","https://academy.technikum-wien.at/zertifizierungen/isaqb-certified-professional-for-software-architecture-cpsa-f/","dbe333e9-5fd9-459c-87eb-bc273ff57865","PK_MVP_DOCU","","+43 1 264 74 72","","Barber: Andi"
"MoPoint","mopoint car sharing marina tower","private","5f633da2-1a2e-46a6-aece-f437378e345a","https://portal.mopoint.at/ad/204128932/login","dbe333e9-5fd9-459c-87eb-bc273ff57865","PK_MVP_DOCU","","+43 1 264 74 72","","Book cars"
"Zeitabrechnung","zeitabrechnungs tool bosch wien","bosch","553f3857-d886-4a04-8ac2-5cf29ec88c1a","https://wi-begos-zeitabrechnung.emea.bosch.com/","dbe333e9-5fd9-459c-87eb-bc273ff57865","PK_MVP_DOCU","","0","","Production"
"PKDocupedia","pk docupedia perfectly keyless","bosch","cd4e1219-4a2d-4a06-964a-6136dd2ad68a","https://inside-docupedia.bosch.com/confluence/display/ECUSWDEV/HowTo%3A+EJBCA","dbe333e9-5fd9-459c-87eb-bc273ff57865","PK_MVP_DOCU","","0","","PK Docupedia"
"TennisMarina","tennis donaumarina","offtime","06d9bac6-b13d-4ab7-acc5-8157d47a1676","https://www.ltmtennis.com/","dbe333e9-5fd9-459c-87eb-bc273ff57865","PK_MVP_DOCU","","*","","*"
"Finanzonline","finanzonline","private","28e523ba-c983-46eb-ab0b-b587308570a1","https://finanzonline.bmf.gv.at/","dbe333e9-5fd9-459c-87eb-bc273ff57865","PK_MVP_DOCU","","*","","*"
"Durchblicker","strom vergleich vergleiche","convenient","94d86398-086a-4c4f-b7e0-f1c30ca1ab41","https://durchblicker.at/","dbe333e9-5fd9-459c-87eb-bc273ff57865","PK_MVP_DOCU","","+43 1 264 74 72","","Barber: Andi"
"Udio","ai music generator","convenient","39ad529d-5e61-4edf-8f87-6ef2d558227c","https://www.udio.com/","dbe333e9-5fd9-459c-87eb-bc273ff57865","PK_MVP_DOCU","","+43 1 264 74 72","","Barber: Andi"
"Buymeacoffee","bymeacoffee donation platform","private","ec7d149a-6b44-4bc6-9ada-0bdea2023848","https://www.buymeacoffee.com/","dbe333e9-5fd9-459c-87eb-bc273ff57865","PK_MVP_DOCU","","+43 1 264 74 72","","Barber: Andi"
"AdvancedAnalyticsApp","advanced analytics azure app service","bosch","0bb624b3-5b32-40cb-bc07-8935939ebe62","https://advanced-analytics.azurewebsites.net/","dbe333e9-5fd9-459c-87eb-bc273ff57865","PK_MVP_DOCU","","+43 1 264 74 72","","https://advanced-analytics-dev.azurewebsites.net/"
"Waffengebrauch","waffengebrauch gun weapon shooting","offtime","85e00b46-419f-46ed-a62a-6d5a4889c696","https://www.waffengebraucht.at/","dbe333e9-5fd9-459c-87eb-bc273ff57865","PK_MVP_DOCU","","+43 1 264 74 72","","https://advanced-analytics-dev.azurewebsites.net/"
"Netlify","cloud hosting hoster netlify","tech","b59c6515-33e3-44bf-bf89-6aa00acd05b0","https://app.netlify.com","dbe333e9-5fd9-459c-87eb-bc273ff57865","PK_MVP_DOCU","","+43 1 264 74 72","","https://advanced-analytics-dev.azurewebsites.net/"
"ArmyShop","","private","f4c90c41-3f20-4000-8b94-b9feedb9854a","https://www.asmc.de/","dbe333e9-5fd9-459c-87eb-bc273ff57865","PK_MVP_DOCU","","+43 1 264 74 72","","https://advanced-analytics-dev.azurewebsites.net/"
"Supabase","hosting hoster serverless backend","tech","6c96fbc4-1e4d-49de-ae0c-8311852c869b","https://supabase.com/","dbe333e9-5fd9-459c-87eb-bc273ff57865","PK_MVP_DOCU","","+43 1 264 74 72","","https://advanced-analytics-dev.azurewebsites.net/"
"RSTDocumentation","rst documentation guide","tech","b3019511-af08-4d23-87d8-6392bc89b708","https://thomas-cokelaer.info/tutorials/sphinx/rest_syntax.html","dbe333e9-5fd9-459c-87eb-bc273ff57865","PK_MVP_DOCU","","+43 1 264 74 72","","https://advanced-analytics-dev.azurewebsites.net/"
"DeltaLake","delta lake databricks","tech","eb9ecafe-1ad6-47f9-bf18-660acb43fca3","https://delta.io/","dbe333e9-5fd9-459c-87eb-bc273ff57865","PK_MVP_DOCU","","+43 1 264 74 72","","https://advanced-analytics-dev.azurewebsites.net/"
"Fip","research against fip forschung","cats","a0542468-135e-47b4-95b3-9b1f7b53148a","https://gemeinsamgegenfip.jimdofree.com/kosten/kosten-injektionen/","dbe333e9-5fd9-459c-87eb-bc273ff57865","PK_MVP_DOCU","","+43 1 264 74 72","","https://advanced-analytics-dev.azurewebsites.net/"
"Examilty","iu study exam platform exam examity","study","8a92f1b8-935f-48c5-b0c8-cafdbbdbc9d7","https://prod.examity.com/Tenable/","dbe333e9-5fd9-459c-87eb-bc273ff57865","","","","","0"
"ProductHunt","producthunt open source platform applications","tech","10aed734-f504-4231-bacc-d2c811172e04","https://www.producthunt.com/","dbe333e9-5fd9-459c-87eb-bc273ff57865","PK_MVP_DOCU","","no phone","","Upload open source projects"
"Protonmail","protonmail mail email","private","0c0e9a1a-e037-462f-bff3-9472244e661b","https://mail.proton.me/u/0/inbox","dbe333e9-5fd9-459c-87eb-bc273ff57865","PK_MVP_DOCU","","*","","*"
"DataDiggerDocs","datadigger documentation","bosch","d25d8dbe-9104-49ac-9b12-656e1fb3a58f","https://cuddly-spork-egrp44z.pages.github.io/","dbe333e9-5fd9-459c-87eb-bc273ff57865","PK_MVP_DOCU","","+43 1 264 74 72","","https://advanced-analytics-dev.azurewebsites.net/"
"BoschIcon","bosch icon set","bosch","db49c922-db0e-4353-819a-d649b94ce32d","https://brandguide.bosch.com/document/748","dbe333e9-5fd9-459c-87eb-bc273ff57865","PK_MVP_DOCU","","+43 1 264 74 72","","https://advanced-analytics-dev.azurewebsites.net/"
"Render","render cloud hosting heroku alternative","tech","20b2d076-ac66-405b-894a-f2f7d4b24361","https://render.com/","dbe333e9-5fd9-459c-87eb-bc273ff57865","PK_MVP_DOCU","","+43 1 264 74 72","","https://advanced-analytics-dev.azurewebsites.net/"
"Gridsome","gridsome vuejs framework templates","tech","0aa97161-1949-42bc-ae4e-aae8ed105c68","https://gridsome.org/","dbe333e9-5fd9-459c-87eb-bc273ff57865","PK_MVP_DOCU","","+43 1 264 74 72","","https://advanced-analytics-dev.azurewebsites.net/"
"BoschAzure","create bosch azure subscription documentation","bosch","42cb1a8d-1e9c-4696-b051-e2463437b7f2","https://inside-docupedia.bosch.com/confluence/display/AzureIMG/Getting+Started","dbe333e9-5fd9-459c-87eb-bc273ff57865","PK_MVP_DOCU","","+43 1 264 74 72","","https://advanced-analytics-dev.azurewebsites.net/"
"ISOStanards","iso technologie standards","tech","0420fb9b-0685-4203-ac7f-d374db1bde5e","https://www.iso.org/sectors/it-technologies","dbe333e9-5fd9-459c-87eb-bc273ff57865","PK_MVP_DOCU","","+43 1 264 74 72","","https://advanced-analytics-dev.azurewebsites.net/"
"ShootingClub","","offtime","ac9d81ac-9471-494d-89b1-caa72a0f2575","http://www.skh-shooting.at/sektion.php","dbe333e9-5fd9-459c-87eb-bc273ff57865","PK_MVP_DOCU","","+43 1 264 74 72","","https://advanced-analytics-dev.azurewebsites.net/"
"DataDigger","datadigger azure app service","bosch","8cac81b6-72f5-440e-9f10-199f9a12aac8","https://datadigger-test.azurewebsites.net/","dbe333e9-5fd9-459c-87eb-bc273ff57865","","","","",""
"Distrobox","linux distrobox ubuntu mint, kali linux","tech","488e5768-a4ce-482f-8f7a-8d53e6b1c3cb","https://distrobox.it/","dbe333e9-5fd9-459c-87eb-bc273ff57865","","","","","Switch between linux distros in one environment"
"Gunfinder","gunfinder optik diavari weapon gun","offtime","5afec616-a1ec-42ef-8beb-baa5361babe1","https://www.gunfinder.de/suche?query=Zeiss+Diavari+6-24","dbe333e9-5fd9-459c-87eb-bc273ff57865","","","","","Switch between linux distros in one environment"
"SqlMap","sql injections pen testing cyber security","tech","d0fddc89-16c7-4a91-b3ee-ab1dfae756c3","https://sqlmap.org/","dbe333e9-5fd9-459c-87eb-bc273ff57865","","","","","Automatic SQL injection and database takeover tool. Test sql"
"Gobuster","cyber security brute force","tech","65bd497a-3aae-4a5d-8c2c-554fbe381629","https://www.kali.org/tools/gobuster/","dbe333e9-5fd9-459c-87eb-bc273ff57865","","","","","Test vulnerabilities in sql"
"Zap","cyber security web app scanner","tech","b26ba201-6372-4384-920a-2024ba3e1968","https://www.zaproxy.org/","dbe333e9-5fd9-459c-87eb-bc273ff57865","","","","","Test vulnerabilities in sql"
"CloudNativeMap","cloud native service overview landscape","tech","45aaa19b-d513-4e64-838f-feed9342031b","https://landscape.cncf.io/guide#provisioning--automation-configuration","dbe333e9-5fd9-459c-87eb-bc273ff57865","","","","","Test vulnerabilities in sql"
"DatabricksAPI","azure databricks api docu","tech","abd7cf72-bbcc-49ec-a26c-c9aca3a0869b","https://docs.databricks.com/api/azure/workspace/pipelines/updatepermissions#pipeline_id","dbe333e9-5fd9-459c-87eb-bc273ff57865","","","","","Test vulnerabilities in sql"
"Veterinarian","veterinarian tierarzt seestadt","cats","db94c4b3-4e3d-4876-803e-f26185e0f3f5","https://tierarztzentrum-seepark.at/","dbe333e9-5fd9-459c-87eb-bc273ff57865","","","+43018900222","info@tierarztzentrum-seepark.at","0"
"MITxLearning","free open source learning platform udemy alternative","study","49f347ef-de34-4543-8285-d6615830546b","https://mitxonline.mit.edu/","dbe333e9-5fd9-459c-87eb-bc273ff57865","","","","","Test vulnerabilities in sql"
"Studydrive","studydrive study","study","b45c1a35-a1be-41ec-8156-65dea9ed8b65","https://www.studydrive.net/en/newsfeed","dbe333e9-5fd9-459c-87eb-bc273ff57865","","","","",""
"Gunfinder","sell guns weapon waffen verkaufen kaufen","offtime","9c3f8010-71ff-45f1-8476-b9c93f11fec6","https://www.gunfinder.at/","dbe333e9-5fd9-459c-87eb-bc273ff57865","","","","",""
"Flaticon","icon icons library","convenient","8661ff1e-0f50-4795-932c-7e9c01dbab6e","https://www.flaticon.com/","dbe333e9-5fd9-459c-87eb-bc273ff57865","","","","","Test vulnerabilities in sql"
"AzureIOTBoschSandbox","bosch iot azure subscription","bosch","2d333dd2-6a09-453b-a60b-ac379ce6668f","https://portal.azure.com/#@bosch.onmicrosoft.com/resource/subscriptions/d92b55ed-4f80-4a97-8e7b-4b5fd54d8906/overview","dbe333e9-5fd9-459c-87eb-bc273ff57865","","","","","Test vulnerabilities in sql"
"CafeSeestadt","coffee breakfast seestadt","offtime","1cbac87a-5ce9-40ea-a667-96a98f3b4b93","https://www.tripadvisor.de/Restaurant_Review-g190454-d10027330-Reviews-Cafe_Leo_Seestadt_Aspern-Vienna.html","dbe333e9-5fd9-459c-87eb-bc273ff57865","","","","",""
"TortenWien","torten geburtstag cake pie birthday","convenient","d8aebe97-c074-43cb-8ef6-430d17d9728e","https://www.tortenhaeuschen.at/","dbe333e9-5fd9-459c-87eb-bc273ff57865","","","","",""
"Steinwanklamm","wandern hiking nahe wien","offtime","a3042fcb-d1b3-4b5d-b712-d3c7568d24eb","https://www.niederoesterreich.at/ausflugsziele/a-steinwandklamm","dbe333e9-5fd9-459c-87eb-bc273ff57865","","","","",""
"ShootingKellerberg","shooting range kellerberg","offtime","3b72c3a8-091a-4208-ba91-e9c455877684","https://ssvk.gutschuss.at/","dbe333e9-5fd9-459c-87eb-bc273ff57865","","","","",""
"EmailAlias","email alias email forwarding privacy","tech","bb12a682-1c1e-45c5-984e-96eb24f7c72b","https://simplelogin.io/?slref=privacy","dbe333e9-5fd9-459c-87eb-bc273ff57865","","","","",""
"Urologe","urologe androloge privatarzt private doctor","med","82fda668-0da3-4e06-8902-36a740d6ee8d","https://praxisamring6.at/","dbe333e9-5fd9-459c-87eb-bc273ff57865","","","+43 1 226 44 84","rh@praxisamring6.at",""
"OmasBackstube","omas backstube wien baking cake","convenient","03d2bb4b-7bda-451a-8a83-577b7dc5579a","https://www.omas-backstube.org/","dbe333e9-5fd9-459c-87eb-bc273ff57865","","","","",""
"OmasBackstubeMain","omas backstube baking cake vegan restaurant","offtime","993e2899-e0ae-4306-93b8-e9a79e6db844","https://www.omasbackstube.at/","dbe333e9-5fd9-459c-87eb-bc273ff57865","","","","",""
"Focalboard","open source project planning kanban","convenient","0bc5a3af-40f5-425d-b6cb-cab906b62d10","https://www.focalboard.com/","dbe333e9-5fd9-459c-87eb-bc273ff57865","","","","",""
"Gamengen","ai fake game engine","tech","c9511619-527e-42d2-bc8d-5e0b7fbd0e1a","https://gamengen.github.io/","dbe333e9-5fd9-459c-87eb-bc273ff57865","","","","",""
"BoschOrganisation","bosch organisation units","bosch","402c4ab1-ebf3-4eea-8fb9-9aca346aa0f9","http://fe0vmc1134.de.bosch.com/org.manager.server_P/index.html?goto=OrgUnit,(STEXTD,10,BEG/NE-MX)","dbe333e9-5fd9-459c-87eb-bc273ff57865","","","","",""
"DuckDB","duckdb sqllite based database","tech","22844a09-7a35-4562-a37f-6a409eb67942","https://duckdb.org/","dbe333e9-5fd9-459c-87eb-bc273ff57865","","","","","Apache Spark alternative"
"OneIDM","bosch one idm request access rights permission","bosch","a333d43f-c066-4eae-a8bb-c66edf158dd4","https://oneidm.bosch.com/oneidm/html/rbwebshop/","dbe333e9-5fd9-459c-87eb-bc273ff57865","","","","","View own access rights: https://oneidm.bosch.com/oneidm/html/rbwebshop/"
"ChatGPT","chat gpt openai","private","71948a67-180e-4c3f-9d8f-095974df0f55","https://chat.openai.com/","dbe333e9-5fd9-459c-87eb-bc273ff57865","PK_MVP_DOCU","","0","","OPENAI"
"Swisstransfer","swiss transfer photo images sending photo transfer","convenient","2c503469-d00a-48b1-abdb-40ebe0e74f05","https://www.swisstransfer.com/en-us","dbe333e9-5fd9-459c-87eb-bc273ff57865","","","","","Send someone photos without login and private via link and password protection."
"OrfFight","prevent orf gebuer","private","aa0d3928-2f47-467c-b8de-6f9475457f32","https://www.mfg-oe.at/wie-du-dich-gegen-die-orf-gebuehr-wehren-kannst-musterdownloads","dbe333e9-5fd9-459c-87eb-bc273ff57865","","","","",""
"Huel","food meals online","private","78aede42-471e-42ed-87ab-ac5672589a6c","https://huel.com/","dbe333e9-5fd9-459c-87eb-bc273ff57865","","","","","meals for drinking"
"BoschAzureReadUser","bosch azure Read.User permission topic","bosch","d923b6d4-77f7-4a33-aab4-27eeffb45306","https://inside-docupedia.bosch.com/confluence/pages/viewpage.action?pageId=2387425668#id-4APIConsentDecline-sso","dbe333e9-5fd9-459c-87eb-bc273ff57865","","","","",""
"Authy","authy 2 factor auth app","private","01caeff5-b97e-494b-9db9-857a0be6391f","https://authy.com/","dbe333e9-5fd9-459c-87eb-bc273ff57865","","","","","Company behind is twilio"
"OnlineLawyer","online laywyer anwalt","private","9aa4f058-7330-4cfc-a851-8ccdbd91ee9e","https://www.advocado.de/anliegen-schildern/?lb=inkassorecht-und-forderungseinzug&lt=zahlungsverzug#rechtsfrage-stellen","dbe333e9-5fd9-459c-87eb-bc273ff57865","","","","","Anwalt"
"Preisjaeger","preisjaeger onlineshop","shopping","de73193a-4dde-49ad-bd26-891b905d1b57","https://www.preisjaeger.at/","dbe333e9-5fd9-459c-87eb-bc273ff57865","PK_MVP_DOCU","","no number","","cool onlineshop for discounts"
"CollaborativeNote","collaborative notes md based notizen bucket list","private","e8ec7158-622f-4462-bbb8-e13ca7307f9a","https://hackmd.io/?nav=overview","dbe333e9-5fd9-459c-87eb-bc273ff57865","","","","","Signed in with Github. Its also possible to work live with other users on a md file"
"BucketList","bucket list einkaufsliste","private","296fbc61-2385-46ec-b859-66b07e2df937","https://hackmd.io/lIBgGTgbQtGi26F4XFxhFQ#","dbe333e9-5fd9-459c-87eb-bc273ff57865","","","","",""
"SpeedNote","write noted faster ai correction","convenient","d2cae84e-8937-4eda-a6ad-daee76604a8e","https://www.speednote.ai/?ref=producthunt","dbe333e9-5fd9-459c-87eb-bc273ff57865","","","","",""
"Kollektivvertrag","kollektivvertrag austria arbeitsrecht","private","bd098cfc-e093-4b69-a614-8a38fceadf9d","https://www.kollektivvertrag.at","dbe333e9-5fd9-459c-87eb-bc273ff57865","","","","",""
"BoschBTIA","connect to bosch btia bosch proxy","bosch","540dc4b0-18df-4cad-b1dc-d159430b53d1","https://connect.bosch.com/wikis/home?lang=en-us#!/wiki/Wf217e52fae69_4a26_97b9_28a4058a98a2/page/BTIA%20Virtual%20Router%20support%20for%20VirtualBox","dbe333e9-5fd9-459c-87eb-bc273ff57865","","","","",""
"BoschInternetBased","bosch internet based access internet managed","bosch","a35dd722-92ac-4867-8a95-12192d485000","https://connect.bosch.com/blogs/1f288c27-171c-4b91-98a0-265aa17c57e5/entry/Internet_Based_Clients_are_the_Future1?lang=en_us","dbe333e9-5fd9-459c-87eb-bc273ff57865","","","","",""
"Jobmessen","jon messen job fairs new job","private","0c43c3f2-174a-4c3d-a198-205884cb4d9f","https://www.karriere.at/c/a/jobmessen-termine","dbe333e9-5fd9-459c-87eb-bc273ff57865","","","","",""
"Informatik","informatik youtube channel","tech","1f043797-2d4d-4b3e-9634-db0489e459f8","https://www.youtube.com/@simpleclub_informatik","dbe333e9-5fd9-459c-87eb-bc273ff57865","","","","","The best fucking youtube channel for informatik algotithm datastructures."
"Eng1-Weekly","eng1 weekly bosch vienna weekly","bosch","81745a41-fa41-4b48-9b0c-e7dc5b562293","https://inside-docupedia.bosch.com/confluence/display/BT/BEG+ENG1-CL-Wi+Weekly+2024","dbe333e9-5fd9-459c-87eb-bc273ff57865","","","","",""
"AgileDevelopment","agile development methods","tech","b279eb3c-d685-4a85-a713-7d4322f49947","https://www.aha.io/roadmapping/guide/agile/development-methodologies","dbe333e9-5fd9-459c-87eb-bc273ff57865","","","","",""
"Devjobs","dev jobs development jobs tech jobs","tech","84098880-99b1-43a2-904d-0d3a73532d80","https://devjobs.at/","dbe333e9-5fd9-459c-87eb-bc273ff57865","","","","",""
"Speexx","lanuage training platform english","private","cb22bbec-f314-4e62-a12b-e419f03d5a65","https://www.speexx.com/","dbe333e9-5fd9-459c-87eb-bc273ff57865","","","","",""
"Insomnia","postman alternative rest client","tech","bc2619b3-18f0-4ff3-8a5e-d9c25a6482c8","https://insomnia.rest/download","dbe333e9-5fd9-459c-87eb-bc273ff57865","","","","",""
"TimestampConverter","javascript unix timastamp converter","tech","8b931c20-f987-48c7-a2f4-cfef436e1163","https://www.epochconverter.com/","dbe333e9-5fd9-459c-87eb-bc273ff57865","","","","",""
"BoschOpensource","bosch open source management","bosch","ab210732-7a7c-4960-8594-67da1dcdb848","https://inside-docupedia.bosch.com/confluence/display/OSM","dbe333e9-5fd9-459c-87eb-bc273ff57865","","","","",""
"InsomniaBosch","bosch insomnia postman alternative","bosch","dca92aba-7c3a-4b62-9d75-8ce4cbc4a9a3","https://inside-docupedia.bosch.com/confluence/pages/viewpage.action?pageId=2899865019","dbe333e9-5fd9-459c-87eb-bc273ff57865","","","","",""
"SuupabaseDiskussion","supabase email discussion","tech","47a3d8ff-67b4-4ece-8271-89a99316ea8a","https://github.com/orgs/supabase/discussions/29370","dbe333e9-5fd9-459c-87eb-bc273ff57865","","","","",""
"SearchGPT","search gpt replacement for google search","convenient","25fd2d7b-6f74-4e48-aac9-6ceb1900303c","https://openai.com/index/searchgpt-prototype/","dbe333e9-5fd9-459c-87eb-bc273ff57865","","","","",""
"Perplexity","perplexity ai chat like chatgpt openai perplexica","tech","d8a61513-e9bc-45ea-a679-52cbdce9e9a0","https://www.perplexity.ai/","dbe333e9-5fd9-459c-87eb-bc273ff57865","","","","","Check out the open source variant of perplexity: https://github.com/ItzCrazyKns/Perplexica"
"Typedoc","code documentation","tech","6a8a470f-fc5f-46d5-a858-ca443f1b1599","https://typedoc.org/","dbe333e9-5fd9-459c-87eb-bc273ff57865","","","","",""
"Handshake","handshake jobs carreer","private","bcf7e982-6bac-4f06-8f73-a2cb2ad60cb8","https://app.joinhandshake.de/login?lor=18&utm_source=mass_mailer&utm_medium=email&utm_content=45350&utm_campaign=uni_targeted_emails","dbe333e9-5fd9-459c-87eb-bc273ff57865","","","","",""
"Bookstack","wiki software selfhosted wikipedia","tech","4e183e40-57bf-433c-aae1-0cc91cc99f7d","https://www.bookstackapp.com/","dbe333e9-5fd9-459c-87eb-bc273ff57865","","","","",""
"Nas","home nas server","private","f4fced6a-3644-42dc-b3ee-c4e5f12e10f3","http://192.168.1.163:5000/#/signin","dbe333e9-5fd9-459c-87eb-bc273ff57865","","","","",""
"MoneyChange","change money from euro to franken schweizer franken","invest","b30d5095-c6e2-4223-83e9-f642cfce9bbc","https://www.sparkasse.at/sgruppe/privatkunden/digitales-banking/geld-wechseln","dbe333e9-5fd9-459c-87eb-bc273ff57865","PK_MVP_DOCU","","0","","Exchange euro to schweizer franken affordable"
"Mailgun","mail sending system email sending api","tech","5498dfa0-099f-4125-b8e1-79bd353e5859","https://www.mailgun.com/","dbe333e9-5fd9-459c-87eb-bc273ff57865","","","","",""
"Handgunhero","handgun comparison weapon pistol glock","offtime","4c6aaf39-8b9a-44a1-8383-c7c8452ca7e7","https://www.handgunhero.com/compare/grand-power-q1","dbe333e9-5fd9-459c-87eb-bc273ff57865","","","","",""
"BoschCrisisPlan","exception ausnahme plan bosch","bosch","cfcd5521-80c2-4383-b2e7-660060d30c73","https://forms.office.com/pages/responsepage.aspx?id=GR7lCsgHS067bWSO5YQQ9Cgqk1P1QOJGtu-9n-MIblJUQTFERUxWSTJYVVVZSEFSVUtQN0VNWEQ2NCQlQCN0PWcu&route=shorturl","dbe333e9-5fd9-459c-87eb-bc273ff57865","","","","",""
"Smartsheet","project management tool","tech","72ccc23d-a422-4742-bb1e-c18aeffa73be","https://www.smartsheet.com/welcome-customers-home","dbe333e9-5fd9-459c-87eb-bc273ff57865","","","","",""
"BoschAzureRight","request azure bosch graph api permission","bosch","bd0f2a65-02ed-4b53-aec2-8e788110fe22","https://rb-tracker.bosch.com/tracker17/servicedesk/customer/user/requests?status=open","dbe333e9-5fd9-459c-87eb-bc273ff57865","","","","","https://rb-tracker.bosch.com/tracker17/servicedesk/customer/portal/853"
"BoschDataStrategy","bosch data strategy cog","bosch","2179c9aa-5641-49cd-8fe7-a5b0da8fa0b1","https://inside-docupedia.bosch.com/confluence/display/RBWDAST/About+Bosch+Data+Strategy","dbe333e9-5fd9-459c-87eb-bc273ff57865","","","","","In CoG we have to be conform with that."
"Dama","data strategy bibel standard for bosch data strategy","bosch","e8511fc9-450b-4fcd-a46f-bd5e001f693d","https://www.dama.org/cpages/home","dbe333e9-5fd9-459c-87eb-bc273ff57865","","","","",""
"AirflowTutorial","learn airflow airflow tutorial","tech","e860080b-d0d3-43fe-b9f4-655e14221590","https://www.youtube.com/watch?v=J6azvFhndLg&list=PLwFJcsJ61oujAqYpMp1kdUBcPG0sE0QMT&index=4","dbe333e9-5fd9-459c-87eb-bc273ff57865","","","","",""
"CronJobTime","time scedule cron jobs","tech","000da238-c8c2-4ccc-a947-2010ef57a898","https://crontab.guru/#*_4_*_*_*","dbe333e9-5fd9-459c-87eb-bc273ff57865","","","","",""
"OnetimeSecret","one time secret send secrets","convenient","ebe1538d-d873-4d6c-9bbd-c97adc6ef9ce","https://onetimesecret.com","dbe333e9-5fd9-459c-87eb-bc273ff57865","","","","",""
"Vortex","vortex rifle scope optic optik weapon","offtime","a9913c9d-c9a6-4ea2-a6e0-1e1e5578037c","https://www.vortexoptik.de/","dbe333e9-5fd9-459c-87eb-bc273ff57865","","","","",""
"StudyDrive2","search for exam klausur study","study","7801e6e8-dc1e-4b42-a447-0021aa374db7","https://www.studocu.com/de","dbe333e9-5fd9-459c-87eb-bc273ff57865","","","","",""
"Frok-Bosch","frok css framework bosch","bosch","d25051c1-c620-4050-9328-a88d8e71ffd9","https://glowing-meme-43877167.pages.github.io/?path=/docs/special-frokapp--docs","dbe333e9-5fd9-459c-87eb-bc273ff57865","","","","",""
"BoschToolDevelopment","bosch process goverment tool development audit","bosch","56eb6538-3b7d-4623-a9e4-b3b64d408c75","https://abt-beg-promap.de.bosch.com/stages/#/workspace/206/_vv/process/activity/_7JjoQCc-1quhn9ZyLEYpBg","dbe333e9-5fd9-459c-87eb-bc273ff57865","","","","",""
"Jobs","jobs ams","private","2631f79c-7872-42ac-ac60-9af3ced91f3a","https://jobs.ams.at/public/emps/","dbe333e9-5fd9-459c-87eb-bc273ff57865","","","","",""
"CoG-Miro","miro board cog data","bosch","4b763b84-078d-4a16-9177-42abf445f6a9","https://miro.com/app/board/uXjVMBYPBYA=/?moveToWidget=3458764604850169168&cot=14","dbe333e9-5fd9-459c-87eb-bc273ff57865","","","","",""
"GunShop","gun shop gun smith weapon","offtime","ecee77f5-dab2-40a4-a4d4-a93cb4b50e96","https://unlimiteddynamics.eu/de/","dbe333e9-5fd9-459c-87eb-bc273ff57865","","","","",""
"WaltherTech","upgrade walther pdp","weapon","2b16893a-615b-4570-a4ea-2e4ad0dae577","https://www.youtube.com/watch?v=zFg85Sadhpw","dbe333e9-5fd9-459c-87eb-bc273ff57865","","","","",""
"Music1","motivational music studying","private","427594ca-e393-402f-97b2-6d535b991dd8","https://www.youtube.com/watch?v=WDxMas784iY","dbe333e9-5fd9-459c-87eb-bc273ff57865","","","","",""
"Study","study campus hotline","study","e792e7b7-328a-4476-8d08-e3779b9afd98","https://mycampus.iu.org","dbe333e9-5fd9-459c-87eb-bc273ff57865","","","+49 30 311 988 55","","Mo-Fr 08:00 - 18:00 Uhr, Sa 09:00 - 17:00 Uhr"
"Petition","political petitionen","convenient","386c70d3-7c64-416f-b684-de4d7be44d3e","https://www.openpetition.eu/","dbe333e9-5fd9-459c-87eb-bc273ff57865","","","","",""
"Planttext","draw plantuml online plantuml online","tech","7482819f-f81f-4527-92c6-659945572d6a","https://www.planttext.com/","dbe333e9-5fd9-459c-87eb-bc273ff57865","","","","",""
"ElasticBuilder","elastic search docs builder datadigger elastic","bosch","e33fd0e3-7f65-4cdf-91b1-f4eb2acb3561","https://elastic-builder.js.org/docs/","dbe333e9-5fd9-459c-87eb-bc273ff57865","","","","",""
"Airflow-Staging","airflow staging","bosch","8becb12a-cccf-4ca8-98a4-b48758b110d4","https://wi0ciapp02.emea.bosch.com:8080/home","dbe333e9-5fd9-459c-87eb-bc273ff57865","","","","",""
"becki","becki bosch framework","bosch","d97b30c8-4040-44e6-8729-f61944bb6ef5","https://becki.beg-dev.io/readme.html","dbe333e9-5fd9-459c-87eb-bc273ff57865","","","","",""
"WeaponOptics","gun weapon iron sights walther pdp","offtime","268cd0d7-9034-4f9b-b76f-85d37d008bda","https://www.optics-spot.at","dbe333e9-5fd9-459c-87eb-bc273ff57865","","","","",""
"StudyAtlas","study atlas pebblepad","study","4337db35-4b3c-4154-8ccf-48722f77daca","file:///Users/secar/Downloads/Nutzungsanleitung%20PebblePad%20Atlas%20im%20Portfolio-2.pdf","dbe333e9-5fd9-459c-87eb-bc273ff57865","","","","","file:///Users/secar/Downloads/Aufgabenstellung_DLBDSOOFPP01_D-2.pdf"
"Alpineoptics","red dot weapon rmr","weapon","831842f8-51dc-40c2-9eee-dfee57928384","https://www.alpineoptics.at/d/schiesssport-und-jagd/optik/rotpunktvisiere.html","dbe333e9-5fd9-459c-87eb-bc273ff57865","","","","",""
"ObjectOrientePro","object oriented programming course exam explanation study","study","b1f4c836-4e7f-4c12-a0fa-4e98dd08e359","file:///Users/secar/Downloads/Aufgabenstellung_DLBDSOOFPP01_D-1.pdf","dbe333e9-5fd9-459c-87eb-bc273ff57865","","","","","file:///Users/secar/Downloads/Nutzungsanleitung%20PebblePad%20Atlas%20im%20Portfolio-2.pdf"
"Vorlagen","vorlagen templates","convenient","f98b67ba-eba5-4a77-b585-438de66db352","https://www.vorlagen.de/","dbe333e9-5fd9-459c-87eb-bc273ff57865","","","","",""
"SuperGun","gun","weapon","1cecf971-ba7a-4ee9-96ec-75d57fefbb59","https://www.austriaarms.com/index_2.php?request_id_1=6155&limit_01=0&search_text=&stay=1","dbe333e9-5fd9-459c-87eb-bc273ff57865","","","","",""
"FlightTracking","track flights","convenient","5ddd4fc2-4b9b-4abe-baef-f7408dc9a750","https://www.flightaware.com/","dbe333e9-5fd9-459c-87eb-bc273ff57865","","","","",""
"PKL-Github","github pk perfectly keyless","bosch","9c2d43c9-cb4b-4bd4-8627-ebc6d0a4ce7b","https://github.boschdevcloud.com/PKL","dbe333e9-5fd9-459c-87eb-bc273ff57865","","","","",""
"UploadMod","check upload modifications in databricks","bosch","329288a2-a5f1-4c49-a30f-1c65614c74e4","https://adb-5679149141934812.12.azuredatabricks.net/jobs/838783794229410?o=5679149141934812","dbe333e9-5fd9-459c-87eb-bc273ff57865","","","","",""
"Sketchpad","draw show drawings live","convenient","6dfaf6f9-afc3-4dde-974c-ba4fa449a80a","https://sketch.io/sketchpad/","dbe333e9-5fd9-459c-87eb-bc273ff57865","","","","",""
"IU-Online-Library","iu online library bibliothek","study","bc475603-a0dd-46fe-b83a-207eae5dd6c9","https://research.ebsco.com/c/3qvac2/search","dbe333e9-5fd9-459c-87eb-bc273ff57865","","","","",""
"IU-Video-Gallary","iu video gallary","study","5cced8d9-6737-4af1-81e0-ffe48c8de6b3","https://research.ebsco.com/c/3qvac2/search","dbe333e9-5fd9-459c-87eb-bc273ff57865","","","","",""
"JSONFileLinter","json file linter check","tech","6efc46ed-9f75-4446-a09c-f602476eefb6","https://jsonlint.com/","dbe333e9-5fd9-459c-87eb-bc273ff57865","","","","",""
"MyHammer","bauarbeiter construction workers","convenient","c2aed81b-c779-4efb-aa96-21be5e94934b","https://www.my-hammer.at/","dbe333e9-5fd9-459c-87eb-bc273ff57865","","","","",""
"Mimikatz","cyber security authetication pentesting","cybersecurity","77d5f128-f206-4657-96f8-efd28db050cf","https://github.com/ParrotSec/mimikatz","dbe333e9-5fd9-459c-87eb-bc273ff57865","","","","",""
"EvilEye","sun classes classes downhill trails","offtime","9abcd172-fe3f-4392-9224-80773a400bba","https://www.evileye.com","dbe333e9-5fd9-459c-87eb-bc273ff57865","","","","",""
"Firefield","firefield weapon ar15 optic optik","weapon","d9acaa6a-f26e-4aca-9e52-10e22fca3e16","https://www.amazon.de/Firefield-RapidStrike-1-6x24-SFP-Zielfernrohr-Set/dp/B07VZ3528Z/ref=sr_1_2?__mk_de_DE=%C3%85M%C3%85%C5%BD%C3%95%C3%91&crid=30UDY06VSHAG0&dib=eyJ2IjoiMSJ9.72MXXRwsP6fQl_z70-yHOtnLhOotWWc69PDrpH5dTmU2KJlZnxu32CImRCCBU_F5u1kHdsrbF7OYgd6dPrVxq64lA4JBcVlNsSXwN4O1InJ6wmYZc5R8Qv6Ln9Tyv-mWDzc0YM5YCzlIvWxOHTAON7mDqTt9Vtfj6H5z3JMYekKyYM0x52GtwwaiBoOnctTqRXUmlfDVjZGTZcvpULGGyU5MPyxmeFonIzMLKOxU9oo.hZxlG96SXAkbahnmZWjjpgBSQkfGQnXrnb5aaf1QVhk&dib_tag=se&keywords=1-4x24+LVPO&nsdOptOutParam=true&qid=1734423462&sprefix=1-4x24+lvpo%2Caps%2C83&sr=8-2","dbe333e9-5fd9-459c-87eb-bc273ff57865","","","","",""
"BoschITServicePortal","bosch it service portal request bosch services","bosch","3f41f503-39c4-4b2b-8fe9-43f78f6caa69","https://spear.service-management.bosch.tech/tickets","dbe333e9-5fd9-459c-87eb-bc273ff57865","","","","",""
"Amsa","shooting range","weapon","9d5151a0-9123-449c-813f-61352dc81abc","https://www.amsa.club/","dbe333e9-5fd9-459c-87eb-bc273ff57865","","","","",""
"Gun Smith Wien","gun smith vienna awm hammerli","weapon","391f1bb0-b5c9-43ff-9742-9f531efbe913","https://www.awm.wien/","dbe333e9-5fd9-459c-87eb-bc273ff57865","","","","",""
"Ventoy","ventoy save different iso on one usb linux flash","convenient","6a51b9c3-ea94-4a93-90e5-dd49bffc9a54","https://www.ventoy.net/en/index.html","dbe333e9-5fd9-459c-87eb-bc273ff57865","","","","",""
"Request Mac Bosch","bosch request hardware mac bosch linux windows","bosch","9d5fc673-1fc6-4d92-bcab-2ebe239c50fd","https://service-management.bosch.tech/sp?id=sc_cat_item&sys_id=8f3fcb421ba9a51080f076e09b4bcb05&InstanceID=AGGACUQOFL0RVAQMVTPWQLX1JLSCGB","dbe333e9-5fd9-459c-87eb-bc273ff57865","","","","",""
"IUAnerkennung","iu study anerkennung vorleistungen","study","36eacaa7-f13c-4a56-a80a-a9a669313821","https://www.iu-fernstudium.de/anerkennung-antrag/","dbe333e9-5fd9-459c-87eb-bc273ff57865","","","0","","Upload von Beweisen erst nach absenden!! Email: anerkennung@iu.org"
"Flux Raider","Pistol to PCC conversion kit","weapon","ad39eb0a-c1a3-44b9-8e43-a89e43c2cdb5","https://youtu.be/N0nQ7mYPL2o?feature=shared","dbe333e9-5fd9-459c-87eb-bc273ff57865","","","","",""
"ISSProtectionTrade","pistol pcc conversion kit","weapon","0b51b5e8-3333-4ac5-afb4-1ba79fea2f02","https://www.issprotectiontrade.com/","dbe333e9-5fd9-459c-87eb-bc273ff57865","","","","",""
"Reiteralm Bikepark","reiteralm schladming bikepark downhil","holiday","0bcef157-f481-41e7-8371-534ee7ed17fb","https://www.schladming-dachstein.at/de/Sommer/Biken/Reiteralm-Trails","dbe333e9-5fd9-459c-87eb-bc273ff57865","","","","",""
"BoschGPT","bosch gpt chat gpt","bosch","229418b4-c610-4d43-856c-7872b35aaead","https://askbosch.ai.bosch.com/en/space/public/","dbe333e9-5fd9-459c-87eb-bc273ff57865","","","","","https://devmate.bosch.com"
"On","on schuhe shoes schweizer schuhe","private","5e210270-668a-4535-bbc0-19114fa7d57b","https://www.on.com/de-at/shop/classics/shoes","dbe333e9-5fd9-459c-87eb-bc273ff57865","","","","",""
"Kona","kona bikes cycles fahrrad","offtime","87491eda-fdb6-4e2c-b705-02658f414142","https://en-eu.konaworld.com/","dbe333e9-5fd9-459c-87eb-bc273ff57865","","","","",""
"CodeAgend","ai code agends vscode","ai-ki","beac7067-0cd8-49f9-b9a2-2fb66d2c6600","https://www.youtube.com/watch?v=dutyOc_cAEU","dbe333e9-5fd9-459c-87eb-bc273ff57865","","","","",""
"ReiteralmTrails","reiteralm trails opening hours","offtime","be1b042e-8ab9-4dee-92be-a642450b6b2c","https://www.reiteralm.at/de/sommer/betriebszeiten-seilbahn","dbe333e9-5fd9-459c-87eb-bc273ff57865","","","","",""
"Theia","theia ide vscode alternative visual studio code","tech","dead262f-c9d2-40c0-bb7c-8bad306d9904","https://theia-ide.org/","dbe333e9-5fd9-459c-87eb-bc273ff57865","","","","",""
"IU-Exam-Complain","iu exam complain beschwerde","study","81ebce8f-5e9b-4bf5-b58e-1b5e92e896e6","https://mycampus.iu.org/study-management/student-service-desk/view/cfa9c3fb-c402-4d07-b217-800926463b2d?activeBookingId=11144485","dbe333e9-5fd9-459c-87eb-bc273ff57865","","","","",""
"Ikea","ikea austria with complain email","private","8b7f700f-317b-42ec-81ef-6505f1938026","https://www.ikea.com/at/de/","dbe333e9-5fd9-459c-87eb-bc273ff57865","","","","","Complain-Beschwerde: customer.support.at@ikea.com"
"CoGDocs","bosch cog docupedia docu","bosch","e6214a7f-0127-4709-9551-13886191e40c","https://inside-docupedia.bosch.com/confluence/display/BEGCOGDSE/BEG+Data+Lakehouse","dbe333e9-5fd9-459c-87eb-bc273ff57865","","","","",""
"Streamlit","streamlit like plotly dash app python","tech","08810614-8ef8-4533-80f5-68202fe02077","https://streamlit.io/playground","dbe333e9-5fd9-459c-87eb-bc273ff57865","","","","",""
"SQLiteBrowser","sqlite browser viewer","tech","90adadb9-0e9a-4aa2-963c-98e395de4f47","https://sqlitebrowser.org/dl/","dbe333e9-5fd9-459c-87eb-bc273ff57865","","","","",""
"Elicit","literatur search engine with ai scientific wissenschaftlich","study","b11417da-e108-4476-9011-edc2d1b5bd7d","https://elicit.com/","dbe333e9-5fd9-459c-87eb-bc273ff57865","","","","",""
"MCP","mcp llm ai connection","tech","0cb322fc-a44f-457e-9a09-3fa1bb5c4e75","https://mcp.so/","dbe333e9-5fd9-459c-87eb-bc273ff57865","","","","","Use browser extention: https://www.youtube.com/watch?v=S_4VUJ-x8hE"
"MatchaTest","matcha purity test","private","acbf0c66-83d3-4aec-91d9-ae9531ef5c2b","https://moyamatcha.com/en/how-to-choose-perfect-matcha-8-ways-to-recognize-high-quality-matcha-powder-2/?srsltid=AfmBOoqpb4lZeh1hVDt2dEUFzgWm1W9vYdhPzZBDS_ToBNACNOJs_okk","dbe333e9-5fd9-459c-87eb-bc273ff57865","","","","",""
"AsiaLinsberg","therme asia linsberg private spa booking","holiday","1734b9f4-af9f-4889-a2a5-20c998f9eeb8","https://shop.linsbergasia.at/packages/template/10907/?","dbe333e9-5fd9-459c-87eb-bc273ff57865","","","","",""
"Shiyu","vegan restaurante vegetarian food","offtime","e3a04804-107e-461d-8315-aed3683edb98","https://shiyu-vienna.com/","dbe333e9-5fd9-459c-87eb-bc273ff57865","","","","",""
"Bistrodeppat","vegan vegetarian breakfast food english breakfast","offtime","bc814cf7-b7be-4b00-b351-433ab5d8a017","https://bistrodeppat.at/","dbe333e9-5fd9-459c-87eb-bc273ff57865","","","","",""
"Uplink","freelancer freelaning austria schweiz deutschland","jobs","a43858e5-f54c-41c1-b1ba-c498ea120da7","https://uplink.tech/","dbe333e9-5fd9-459c-87eb-bc273ff57865","","","","",""
"AirflowBitbucket","airflow bitbucket repo","bosch","7fcf8ccc-c31d-45d1-babd-ae33ef54cdb7","https://sourcecode.socialcoding.bosch.com/projects/AFDAG/repos/beg-cog-data-workflow-manager/browse","dbe333e9-5fd9-459c-87eb-bc273ff57865","","","","",""
"BrutkastenJobs","jobs brutkasten","jobs","8b8ddebd-7f39-4afd-b15c-4f754c1d81ec","https://talents.brutkasten.com/talent-network","dbe333e9-5fd9-459c-87eb-bc273ff57865","","","","","Oder direkt durchstoebern was zu dir passt: https://talents.brutkasten.com/jobs"
"Ollama","start manage open source llm llms model models ai ki","ai-ki","d6ff3639-7166-4c2d-be4e-b88eb3126cea","https://ollama.com/","dbe333e9-5fd9-459c-87eb-bc273ff57865","","","","",""
"Huggingface","Huggingface AI models","ai-ki","0559dde9-7be9-4cb7-9158-3f85bc3c4c29","https://huggingface.co/models","dbe333e9-5fd9-459c-87eb-bc273ff57865","","","","",""
"Zettrl","obsidian alternative notes writing","convenient","2691554a-76a1-42a2-8abf-bac857ec9b54","https://zettlr.com/","dbe333e9-5fd9-459c-87eb-bc273ff57865","","","","",""
"FileStation","file station synology nas","private","a298bd74-4377-4617-b8a0-5469ae0718bc","https://file.local/","dbe333e9-5fd9-459c-87eb-bc273ff57865","","","","",""
"SynologyFind","find synology nas home network","nas","d1d14540-92ac-4743-8a7c-1e2426849264","https://finds.synology.com/","dbe333e9-5fd9-459c-87eb-bc273ff57865","","","","",""
"Colloquium","study colloquium","study","8ec615e6-1b16-4f35-a78e-07b20434a137","https://mycampus-classic.iu.org/course/view.php?id=2566","dbe333e9-5fd9-459c-87eb-bc273ff57865","","","","",""
"Amethyst","Mac windows arrangement","tech","f9cafc92-bf29-4a85-bef3-162981abaa03","https://ianyh.com/amethyst/","dbe333e9-5fd9-459c-87eb-bc273ff57865","","","","",""
"Bosch-eRoom","bosch book e room eroom","bosch","d4c681b3-a74e-4c28-9f81-5a973811cda7","https://rb-eroom.de.bosch.com/index.php?action=USER_MAPVIEW&9fa805e2596d34522b4721b4ac21d57a590fe7ada37c3e8193916568659e5156=b52c35df76ee5da28e83a435ad1e89ebc357277b65c08695e3405df27c5e101f","dbe333e9-5fd9-459c-87eb-bc273ff57865","","","","",""
"MuenzeOesterreich","gold","invest","d37e1816-278f-44ed-a10f-410470774c28","https://www.muenzeoesterreich.at/","dbe333e9-5fd9-459c-87eb-bc273ff57865","","","","","Physical Gold in Vaulted Storage euro 30 000

Use reputable  non-bank vault services eg Pro Aurum or Goldbroker or Vaultoro or Matterhorn Vault or Glint
Store in Switzerland or Liechtenstein or Singapore strong rule of law no gold reporting neutral politics
Choose allocated fully insured and segregated storage Annual cost: 05 until 1 percent of value"
"C-Schein-Doctors","c driving license doctor list","private","7fa18a50-f2ea-4704-8420-d0c867167ce7","https://www.polizei.gv.at/wien/buergerservice/fuehrerschein/0/die_aerztliche_untersuchung.aspx","dbe333e9-5fd9-459c-87eb-bc273ff57865","","","","","Doctor: Wien 02 SARINGER, Dr. Monika 
Handelskai 214/15/2/5 
01/720-53-42 
22.11.2029"
"Continue","alternative for Cursor Claude Coder Local Coder AI Agent","ai-ki","4508ecc6-a4f6-48dc-98b9-0269b1dc3862","https://www.continue.dev/","dbe333e9-5fd9-459c-87eb-bc273ff57865","","","","",""
"Ochys","climbing klettern","offtime","ae492fad-3b79-4a87-a212-382faf46627b","https://www.ochys.at/","dbe333e9-5fd9-459c-87eb-bc273ff57865","","","","",""
"KletterparkTattendorf","climbing klettern","offtime","69af159f-4430-45f2-ab78-dc3bed5c3a04","https://www.kletterpark-tattendorf.at/check-klettern/","dbe333e9-5fd9-459c-87eb-bc273ff57865","","","","",""
"Dorotheum","estimate prices sell verkaufen","private","7dbc0e2a-43e1-49c8-b392-4587153b0d6e","https://www.dorotheum.com/","dbe333e9-5fd9-459c-87eb-bc273ff57865","","","","",""
"AzureAppServiceEnv","env settings azure app service","tech","9acd76cf-2cb4-48e8-9a5b-a135da0cc1af","https://learn.microsoft.com/en-us/azure/app-service/reference-app-settings?tabs=kudu%2Cdotnet","dbe333e9-5fd9-459c-87eb-bc273ff57865","","","","",""
"BalkonKraftwerk","balkon balkony power station kraftwerk","tech","90d62f7e-df59-4ff6-b801-6831fdf7f0dd","https://de.ecoflow.com/","dbe333e9-5fd9-459c-87eb-bc273ff57865","","","","",""
"AITrueFacts","ai true facts","ai-ki","064db002-c35e-4096-96cc-0a4a671620a0","https://metr.org/blog/2025-07-10-early-2025-ai-experienced-os-dev-study/","dbe333e9-5fd9-459c-87eb-bc273ff57865","","","","",""
"Malt","freelancer freelance selfemployed","jobs","5bce0a71-1b9e-4f3d-b05a-db962108b391","https://www.malt.com/","dbe333e9-5fd9-459c-87eb-bc273ff57865","","","","","Could be good as freelancermap"
"EmailServer","email server send emails linkycloud","email","82e6a8df-0abc-4484-a8a3-5ecfd905ac50","https://webmail.linkycloud.com/roundcube/?_task=mail&_mbox=INBOX","dbe333e9-5fd9-459c-87eb-bc273ff57865","","","","",""
"Hungryminds","the book","books","33b2a2a6-2f57-42f1-99c0-ca013c0de78a","https://hungryminds.com/","dbe333e9-5fd9-459c-87eb-bc273ff57865","","","","",""
"Insurance","insurance versicherung rechtschutz","private","2accd38c-6e1d-4121-9fd6-1b45d408f83a","https://www.efm.at/hollabrunn","dbe333e9-5fd9-459c-87eb-bc273ff57865","Elke Konicek","Elke Konicek","+4366488253841","elke.konicek@efm.at","Pol.Nr. bekanntgeben: 610/295197-0 Wuestenrot"
"rye","rye python package management","tech","0b23a71a-9747-4417-b7e3-c108e3f55d69","https://rye.astral.sh/","dbe333e9-5fd9-459c-87eb-bc273ff57865","","","","",""
"MacStand","macbook stand mac","convenient","2d11ebd4-5b58-4eed-af9a-0a76d08b962e","https://amzn.eu/d/6NSMFrS","dbe333e9-5fd9-459c-87eb-bc273ff57865","","","","",""
"Readest","read books online reader","books","1fc0f21d-7e3d-49cd-a038-6ed85ace531d","https://readest.com/","dbe333e9-5fd9-459c-87eb-bc273ff57865","","","","",""
"NodejsExpertBook","nodejs expert book reader","books","f1c44137-1f53-4e7f-be2a-17fbc7ddb5ec","https://web.readest.com/reader/6c9a9a0f33e4a6a3b7a0e1a3a846ec82","dbe333e9-5fd9-459c-87eb-bc273ff57865","","","","",""
"TypescriptPlayground","typescript ide playground","tech","a8ba089c-ff88-468f-b45c-8dd7a3177012","https://playcode.io/typescript","dbe333e9-5fd9-459c-87eb-bc273ff57865","","","","",""
"Kalkuel","freelancer accounting tool invoices","fabworkx","8b181b24-8c79-4011-8a8e-530fa58df0a9","https://app.kalkuel.at/anmelden","dbe333e9-5fd9-459c-87eb-bc273ff57865","","","","",""
"OpenBugBounty","open source bug bounty hackers security","tech","ffafd8f3-3969-4b6d-ba0b-4550b28979ea","https://www.openbugbounty.org/","dbe333e9-5fd9-459c-87eb-bc273ff57865","","","","",""
"MeineSchatzkammer","gold schliessfach","invest","8916c70e-2385-4a32-91ae-5725b28d5368","https://www.schatzkammer.at/schliessfach-mieten","dbe333e9-5fd9-459c-87eb-bc273ff57865","","","","",""
"SoftwarePatterns","software design pattern architecture solution architect","tech","8b553e7a-55fb-4b39-9055-9be37a8ce455","https://refactoring.guru/design-patterns/","dbe333e9-5fd9-459c-87eb-bc273ff57865","","","","",""
"AzureAi","azure ai model llm hosting","tech","56d08b9e-2455-4c68-a421-394006c5dd52","https://ai.azure.com/","dbe333e9-5fd9-459c-87eb-bc273ff57865","","","","",""
"GithubPackages","github container repository","private","8a1d8cc8-5cbc-428f-afce-b3c838b8a54f","https://github.com/Fabo011?tab=packages","dbe333e9-5fd9-459c-87eb-bc273ff57865","","","","",""
"SoftwarepatterLexikon","software patterns lexicon","tech","111f481b-ab37-4c49-a645-44d938121025","https://softwarepatternslexicon.com","dbe333e9-5fd9-459c-87eb-bc273ff57865","","","","",""
"DatabricksBook","read databricks book","books","ac3625f4-9292-4ff2-a30d-b1a10b2e8c55","https://web.readest.com/reader/01f37fdbba0122f12244850c4cca103a","dbe333e9-5fd9-459c-87eb-bc273ff57865","","","","",""
"Openfirmenbuch","firmenbuch austria durchsuchen","convenient","3da03878-79aa-403d-b1df-fc71d179a2fb","https://openfirmenbuch.at/","dbe333e9-5fd9-459c-87eb-bc273ff57865","","","","",""
"hohewandwiese","bikepark hohe wand","offtime","c38ee543-e038-4761-9b73-98b485d1a13e","https://www.hohewandwiese.com/","dbe333e9-5fd9-459c-87eb-bc273ff57865","","","","",""
"SuspensionLab","suspension fahrwerk fork gabel service","offtime","b8eeb60f-e086-48e4-aebe-cbc8ff106663","https://www.suspension-lab.com/service/#","dbe333e9-5fd9-459c-87eb-bc273ff57865","","","","",""
"Meetup","tech conferences","tech","ccf86423-8ea9-47bf-b137-f3cfdefbfba4","https://www.meetup.com/","dbe333e9-5fd9-459c-87eb-bc273ff57865","","","","",""
"Devfest","tech conferences","tech","33ffb9eb-b293-4bb6-819f-a7800b9fbffe","https://www.devfest.at/","dbe333e9-5fd9-459c-87eb-bc273ff57865","","","","",""
"RaspberyPiTower","raspberry pi tower cabinet","convenient","380270aa-f4cd-4b66-9714-a734678e9472","https://www.berrybase.at/rack-tower-4-layer-gehaeuse-fuer-raspberry-pi-cluster","dbe333e9-5fd9-459c-87eb-bc273ff57865","","","","",""
"AI-Workflows","ai workflows","ai-ki","d4e4523f-1e8e-42b8-ae81-5104e2228b6b","https://n8n.io/","dbe333e9-5fd9-459c-87eb-bc273ff57865","","","","",""
"HolisticMiro","holistic project miro board asc","bosch","8a3ccd07-9936-4374-b5ff-ec808b2f9deb","https://miro.com/app/board/uXjVJNf2kjE=/","dbe333e9-5fd9-459c-87eb-bc273ff57865","","","","",""
"WachauSpa","spa holiday vacation relax wachau","offtime","ad6fd7b5-8209-4125-afcc-c8c480f61fdc","https://www.hotel-schachner.at/wachauf-spa/","dbe333e9-5fd9-459c-87eb-bc273ff57865","","","","",""
"Refurbished","refurbished renewed","convenient","7e8c15e2-3856-48eb-819a-5e1e3f935f32","https://www.refurbished.store/","dbe333e9-5fd9-459c-87eb-bc273ff57865","","","","",""
"GithubAccessRights","github access rights permission management","tech","0583062e-99b3-47da-87d2-48b2d49354b4","https://docs.github.com/en/actions/using-workflows/workflow-syntax-for-github-actions#jobsjob_idpermissions","dbe333e9-5fd9-459c-87eb-bc273ff57865","PK_MVP_DOCU",""," ","","0"
"MistralAI","mistral ai ki european alternative","ai-ki","0eed0bb0-3de1-4079-b51f-98e21289999c","https://chat.mistral.ai/chat","dbe333e9-5fd9-459c-87eb-bc273ff57865","","","","","https://mistral.ai/"
"ProtonDB","proton linux gaming steam linux game engine","offtime","11d16989-4153-444d-aab9-4017b5a28de5","https://www.protondb.com/","dbe333e9-5fd9-459c-87eb-bc273ff57865","","","","",""
"NealFun","neal fun internet how the internet shall be fun","cool","a2107fbf-766c-4b94-9a5b-6f97c64220ab","https://neal.fun/","dbe333e9-5fd9-459c-87eb-bc273ff57865","","","","",""
"Syncthing","sync peer to peer device sync obsidian sync","convenient","54003174-46ee-42e0-a2d1-e57af74bfc6a","https://syncthing.net/downloads/","dbe333e9-5fd9-459c-87eb-bc273ff57865","","","","","great option to sync between devices for obsidian - http://127.0.0.1:8384"
"TheXX","barber shop hair dresser","offtime","845cedcd-477f-4102-96a8-81fdfdbb7508","https://thexxbeauty.com/","dbe333e9-5fd9-459c-87eb-bc273ff57865","","","","",""
"Meshtastic","mesh network network internet alternative","tech","d9e808cc-d766-4073-9553-3fa16adae259","https://meshtastic.org/","dbe333e9-5fd9-459c-87eb-bc273ff57865","","","","",""
"Adnauseam","ad blocker clicks on ads after blocking privacy","convenient","a18bcae5-d58b-457b-bbbb-539c4f0d4181","https://adnauseam.io/","dbe333e9-5fd9-459c-87eb-bc273ff57865","","","","",""
"Netbird","netbird zero trust self host vpn alternative","tech","fb9c0eaa-1fa7-4198-8a85-267bd6ca6948","https://netbird.io/","dbe333e9-5fd9-459c-87eb-bc273ff57865","","","","",""
"PKpgAdmin","pk pgadmin perfectly keyless","bosch","1d31ad96-b998-4125-b9b9-97a9cd49216a","https://beg-pkl-e2e.poc.eu.bosch-mobility-cloud.com/pgadmin4/login?next=%2Fpgadmin4%2F","dbe333e9-5fd9-459c-87eb-bc273ff57865","","","","","*"
"BoschPostman","bosch postman download sharepoint","tech","a5f3a7d4-d810-4740-a68b-3da6d5682452","https://bosch.sharepoint.com/sites/APIManagement/Shared%20Documents/Forms/AllItems.aspx?ga=1&id=%2Fsites%2FAPIManagement%2FShared%20Documents%2FPublic%2FPostman%2Fv9%2E13%2E0&viewid=14f47e70%2D6e61%2D4734%2Dabab%2D9593d3952555&OR=Teams%2DHL&CT=1692201446613&clickparams=eyJBcHBOYW1lIjoiVGVhbXMtRGVza3RvcCIsIkFwcFZlcnNpb24iOiIyOC8yMzA2MDQwMTE3NyIsIkhhc0ZlZGVyYXRlZFVzZXIiOmZhbHNlfQ%3D%3D","dbe333e9-5fd9-459c-87eb-bc273ff57865","","","","","*"
"Mealie","mealie recipes rezepte essen eating food","convenient","ec70015f-1551-4651-a345-86588779a94a","http://192.168.178.44:9925","dbe333e9-5fd9-459c-87eb-bc273ff57865","","","","","https://docs.mealie.io/"
"YubicoOnMac","yubikey yubico mac login","private","96a3f510-cc20-4cae-9d85-942407648c42","https://support.yubico.com/s/article/YubiKey-for-macOS-login","dbe333e9-5fd9-459c-87eb-bc273ff57865","","","","",""
"Buchbinder","buchbinder security breach","tech","7c0ace2b-9331-474f-bb4e-213ecc9945a5","https://at.buchbinder.de/at/stationen/oesterreich/wien","dbe333e9-5fd9-459c-87eb-bc273ff57865","","","","",""
"SelfhostedWorld","self hosting open source software","tech","64fdad28-e9ea-44dd-a125-ff137e46f2cb","https://selfhostedworld.com/","dbe333e9-5fd9-459c-87eb-bc273ff57865","","","","","collection of self hosted applications"
"BoschGemini","gemini enterprise google ai","bosch","25ce8a80-255a-4530-8710-5225d4b4fc2f","https://accounts.google.com/AccountChooser?hd=bosch.com&continue=https://vertexaisearch.cloud.google.com/eu/home/cid/bcb383f1-26d8-41fd-9a55-623f7e93de92","dbe333e9-5fd9-459c-87eb-bc273ff57865","","","","",""
"Pihole","internal pihole","private","2eaed64e-9556-49ea-9439-b5db328678f1","http://192.168.178.45:8081/","dbe333e9-5fd9-459c-87eb-bc273ff57865","","","","",""
"AntiDep","anti depressive","depr","e9287372-d587-4ca1-8138-a3f58f229a7a","https://www.shop-apotheke.at/arzneimittel/A4983560/lasea-80-mg.htm","dbe333e9-5fd9-459c-87eb-bc273ff57865","","","","","https://www.ganz-wien.at/gesundheit/psyche/5-antidepressiva-rezeptfrei.html   file:///var/folders/qh/mlk5_8rd723813l34vrx60qr0000gn/T/201217_Antidepressiva-PatientInnen_pdfUA.pdf"
"Snowflake","snowflake vs databricks","tech","b86c3e20-0ba9-4259-b3f5-1454fd5acbc3","https://agilityx.ai/blog/snowflake-vs-databricks-vs-azure-comparison-and-use-cases","dbe333e9-5fd9-459c-87eb-bc273ff57865","","","","",""
"Nixos","nixos linux distrubution declarative like IaC","tech","d3545481-3eff-4620-8536-0b294a181710","https://en.wikipedia.org/wiki/NixOS","dbe333e9-5fd9-459c-87eb-bc273ff57865","","","","",""
"OpenClaw","open source agent os runs everything on pc","ai-ki","c71a39f1-cfd6-46a0-97b5-3c235220db0c","https://openclaw.ai/","dbe333e9-5fd9-459c-87eb-bc273ff57865","","","","",""
"Herewego","maps alternative","convenient","5dea5cc1-7265-4ea2-ad01-702fe25c311b","https://wego.here.com","dbe333e9-5fd9-459c-87eb-bc273ff57865","","","","",""
"Moltbook","redit for ai agents","ai-ki","4ccf993d-293d-480d-8440-a255798a2809","https://www.moltbook.com/","dbe333e9-5fd9-459c-87eb-bc273ff57865","","","","","social network for agents: Darkweb for AI-Agents: https://www.moltroad.com/"
"Pangoli","vpn replacement ssl remote access","tech","c463f414-4fed-439d-afaa-e6866ed93a95","https://pangolin.net/","dbe333e9-5fd9-459c-87eb-bc273ff57865","","","","",""
"Hausarzt","doctor hausarzt","private","38ee4aab-cb79-4d58-8409-fad239c5a7e4","https://www.docfinder.at/praktischer-arzt/1020-wien/dr-johanna-gruther","dbe333e9-5fd9-459c-87eb-bc273ff57865","","","","",""
"EuropeanAlternatives","software european alternatives","tech","38f75de5-7dce-4384-a616-9eaff17324fa","https://european-alternatives.cloud/en","dbe333e9-5fd9-459c-87eb-bc273ff57865","","","","",""
"Autocar","anhaengerkupplung citroen c3","private","c4d25740-d2ed-4a86-bfa6-24add6a570e9","https://www.anhangerkupplung.at/","dbe333e9-5fd9-459c-87eb-bc273ff57865","","","","",""
"Submarinecablemap","internet undersea cables","tech","20ec6c21-71b1-4f17-b0fd-d10a04261f97","https://www.submarinecablemap.com/","dbe333e9-5fd9-459c-87eb-bc273ff57865","","","","",""
"MyOwnGamingConsole","own gaming console super mario","offtime","e3e9d0a2-bb78-4071-a9b7-97e991665b4e","https://batocera.org/","dbe333e9-5fd9-459c-87eb-bc273ff57865","","","","","Download games: https://www.romsgames.net/ "
"BeschussamtWien","beschussamt wien shooting","offtime","8f259e56-3771-4f48-b870-1d5f4c048fff","https://www.bmwet.gv.at/Themen/Technik-und-Vermessung/beschussaemter/Schie%C3%9Fstaetten.html","dbe333e9-5fd9-459c-87eb-bc273ff57865","","","","",""
"Freelancermap","freelance jobs freelancer","jobs","5f38cf5d-3999-4475-9d2e-0ed4d09e1663","https://www.freelancermap.com/","dbe333e9-5fd9-459c-87eb-bc273ff57865","","","","","Market Analyse for 2026: https://www.freelancermap.at/blog/jobs-mit-zukunft-trend-berufe-freelancing-markt/?zma_cid=240036000055030002&zma_src=240036000123078219&zma_mdn=1"
"InternetAustria","glasfase internet connections austria","convenient","cd8eb299-c888-4ebf-a169-631744699101","https://www.breitbandatlas.gv.at/","dbe333e9-5fd9-459c-87eb-bc273ff57865","","","","",""
"meine99","bank99 onlinebanking","private","3312d162-297a-4667-b39a-d2a26d58e9c0","https://meine.bank99.at/banking/login.xhtml?m=122","dbe333e9-5fd9-459c-87eb-bc273ff57865","","","","","BIC: SPBAATWW https://bank99.at/bank-lexikon/b/bic"
"OfficeChair","office chair","private","192d41d3-b9ca-4b69-838a-55302832c262","https://www.amazon.de/-/en/Airchros-Ergonomic-Office-Adjustable-Height-Adjustable/dp/B0CGZZJ7X4/ref=sr_1_8?crid=2MRAA8C8CVNWH&dib=eyJ2IjoiMSJ9.EvWa1uOu58D4y-lGi0_J0o9l20C_pjqiFL4k8bkxCJBX1j11Th590rjYtI2X8_u1yjXKNt4tWbD-kfaftkRrY6XxbuMXfcnR4ZpU3Jq2IfuDVSbZHPsKSB14LJ2ltk2150YCBSlsu2I7RT31EfdWwIp1mxteerF1yjVh73gKsDgXaESElqs3jLHQ8x0F96Tsw5SP_3O8ivqs5-7gSqZ4uTtApi0cPhz9F1-uw9s894mRupuF2pgGF8HuGkn_fb8HlyVN6j1sLsQXbqtv3tatV1ILU9FgNxSyFxO3zgc-EWg.XNTY_74akhbF_px72dHnlvw83Bq6MYCAxFWJgxz78Rk&dib_tag=se&keywords=office%2Bchair&qid=1774353619&sprefix=office%2Bchai%2Caps%2C278&sr=8-8&th=1","dbe333e9-5fd9-459c-87eb-bc273ff57865","","","","",""
"BeefJerkey","beef jerkey trockenfleisch","food","2a7678b3-4176-475d-9c88-6fdc1da9afb3","https://simplejerky.at/","dbe333e9-5fd9-459c-87eb-bc273ff57865","","","","",""
"Caveman","caveman ai tokens","ai-ki","70e74be4-5cc0-4672-af94-38ab58efb6ef","https://github.com/juliusbrussee/caveman","dbe333e9-5fd9-459c-87eb-bc273ff57865","","","","","caveman saved 65 percent of ai tokens"
"BikeparkGeisskopf","bikepark downhill geisskopf","offtime","afacfbdc-6e81-46bb-9f95-ad0a925f5592","https://mtbzone-bikepark.com/geisskopf/","dbe333e9-5fd9-459c-87eb-bc273ff57865","","","","","Bikepark in germany"
"WaltherPDPParts","tunings parts walther pdp","weapon","1bb94ce4-d1a4-496d-b47a-2d32b74b302b","https://www.dynamic-shooting.at","dbe333e9-5fd9-459c-87eb-bc273ff57865","","","","",""
"OAuth","0auth oauth sso login authentication","tech","fae42328-382c-4e67-9529-41fe7557d1f3","https://docs.nextcloud.com/server/stable/admin_manual/configuration_server/oauth2.html","dbe333e9-5fd9-459c-87eb-bc273ff57865","","","","",""
"Badkleinkirchheim-Flowtrail","bad kleinkirchheim flow trail downhill bike","offtime","8b71742d-a2d1-4149-a7bf-c40b17a5df07","https://www.badkleinkirchheim.com/bike/flow-country-trail/","dbe333e9-5fd9-459c-87eb-bc273ff57865","","","","","Europes longes flow trail"
"Filebrowser","filebrowser search files","convenient","8e8929a8-94bf-4f36-a1fd-3d94aeaa632e","https://filebrowser.org/","dbe333e9-5fd9-459c-87eb-bc273ff57865","","","","",""
"CatEnclosure","katzen gehege cats","cats","bff113dc-3145-4231-bca9-136e6341ff86","https://www.obi.at/p/2940450/zipper-heimtiergehege-zi-cr322","dbe333e9-5fd9-459c-87eb-bc273ff57865","","","","",""
"AsashiLinux","linux distro apple mac m1","convenient","8a1aa2c2-d7af-4de1-ab45-49b54fdcedf0","https://asahilinux.org/","dbe333e9-5fd9-459c-87eb-bc273ff57865","","","","","Display not yet supported!"
"wagyuhof","wagyu wanyu meat fleisch steak","offtime","2c0133c5-f018-40a2-b081-20408fede126","https://wagyuhof.com/","dbe333e9-5fd9-459c-87eb-bc273ff57865","","","","",""
"LunzAmSee","holiday vacation urlaub","offtime","38f4c23d-202d-425d-82e0-28abf22ae865","https://lunz.at/","dbe333e9-5fd9-459c-87eb-bc273ff57865","","","","",""
"Erlaufsee","vacation holiday urlaub","offtime","5ac84f94-b627-4dd4-834c-c8bbf25b0189","https://www.erlaufsee.net/","dbe333e9-5fd9-459c-87eb-bc273ff57865","","","","","Really nice with boat renting"
"Briar","bluetooth chat app encrypted","tech","9d1b2738-1d8c-437a-a444-85d5df0b3638","https://briarproject.org/","dbe333e9-5fd9-459c-87eb-bc273ff57865","","","","",""
"Bogen","bogen crossbow armsbrust","offtime","36c62aa4-cdf3-4da6-95cd-e16961660e75","https://www.bogen.info/","dbe333e9-5fd9-459c-87eb-bc273ff57865","","","","",""
"PI-Dev","ai ki local development agent","tech","2298a938-b6da-4f16-9202-249855471031","https://pi.dev/","dbe333e9-5fd9-459c-87eb-bc273ff57865","","","","",""
"ClaudeSkills","claude ai skills","ai-ki","f982a2e0-696f-4c21-9c43-f60b6a11c31c","https://github.com/anthropics/skills/tree/main/skills","dbe333e9-5fd9-459c-87eb-bc273ff57865","","","","",""
"EnteAuth","2 factor authentication authy alternative","private","7ba0c1d2-afb5-4d34-be24-ccb438cbfd19","https://ente.com/auth/","dbe333e9-5fd9-459c-87eb-bc273ff57865","","","","","open source and privacy based"
"SliverBullet","obsidian alternative","tech","d441af66-88ec-48a7-9614-987920033196","https://silverbullet.md/","dbe333e9-5fd9-459c-87eb-bc273ff57865","","","","",""
"CryptPad","office 365 alternative","convenient","730aafff-ace3-43d9-a43d-ded34e3f7f5d","https://alternativeto.net/software/cryptpad/about/","dbe333e9-5fd9-459c-87eb-bc273ff57865","","","","",""
"Office","office work productivity tracking","convenient","131c7c7f-9603-48b3-a423-c700b842c4fc","https://www.linkedin.com/posts/timcdenning_most-offices-arent-workplaces-theyre-adult-activity-7467169783491235840-y8zk?utm_source=share&utm_medium=member_desktop&rcm=ACoAAEW6GQwBGd2gtDSNU-1xjcTU3JwykV-364I","dbe333e9-5fd9-459c-87eb-bc273ff57865","","","","","Nice post about offices are not for productivity, they are for tracking"
"Spreadshirt","spreadshirt printing shirts","private","8f87b2fe-f650-41ff-8593-b606f1015f12","https://www.spreadshirt.de/","dbe333e9-5fd9-459c-87eb-bc273ff57865","","","","",""
"Incogni","privacy delete data from web","privacy","f7bf99d7-0f98-4ad5-899a-48552a31960b","https://incogni.com/","dbe333e9-5fd9-459c-87eb-bc273ff57865","","","","",""
"PeopleManagement","people management company manager mistakes","convenient","f1fcc97d-2aa6-4f78-8809-a4803f3a56cd","https://andrewbaker.ninja/2026/01/02/the-last-mile-fallacy-why-organisations-misvalue-work/","dbe333e9-5fd9-459c-87eb-bc273ff57865","","","","","Great article about engineering recognation. Send this to manager who believe contacts is everything"
"StremioAddons","stremio addons new movies filme","offtime","af6faf7d-32db-4c5b-9e0b-ab74bbfc5e3e","https://stremio-addons.net/","dbe333e9-5fd9-459c-87eb-bc273ff57865","","","","",""
"Ko-fi","buymeacoffee alternative donations platform","convenient","2e39aec4-b706-4a49-b65e-423588e1125d","https://ko-fi.com","dbe333e9-5fd9-459c-87eb-bc273ff57865","","","","",""